line,vehicle_nr,brigade,lat_raw,lon_raw,vehicle_time,server_time,lat,lon,speed_kmh,nearest_stop_id,nearest_distance_m,direction,course_id
146,7734,4,"52,2326429","21,1165915",2026-05-11 19:14:04,11.05.2026 19:14:13,52.2326429,21.1165915,0.6622915260327402,,2147.7468877729502,-1.0,5.0
146,7734,4,"52,2325915","21,1193947",2026-05-11 19:14:16,11.05.2026 19:14:24,52.2325915,21.1193947,57.29682532737558,,2267.522566552733,-1.0,5.0
146,7734,4,"52,2326142","21,1217704",2026-05-11 19:14:25,11.05.2026 19:14:34,52.2326142,21.1217704,64.7239850028972,,2381.515687516558,-1.0,5.0
146,7734,4,"52,2326609","21,1242207",2026-05-11 19:14:35,11.05.2026 19:14:43,52.2326609,21.1242207,60.10248277569907,,2506.3495513645835,-1.0,5.0
146,7734,4,"52,2326796","21,1252206",2026-05-11 19:14:40,11.05.2026 19:14:53,52.2326796,21.1252206,49.0514217784359,,2558.6459620298715,-1.0,5.0
146,7734,4,"52,2326599","21,1292764",2026-05-11 19:14:56,11.05.2026 19:15:04,52.2326599,21.1292764,62.14881677631282,,2771.3684035519636,-1.0,5.0
146,7734,4,"52,2321899","21,1312881",2026-05-11 19:15:06,11.05.2026 19:15:14,52.2321899,21.1312881,52.78725326953967,,2832.8250099350703,-1.0,5.0
146,7734,4,"52,2314859","21,1330461",2026-05-11 19:15:14,11.05.2026 19:15:23,52.2314859,21.1330461,64.37073377066768,,2864.583258916029,-1.0,5.0
146,7734,4,"52,2306092","21,1352031",2026-05-11 19:15:25,11.05.2026 19:15:34,52.2306092,21.1352031,57.699667589979306,,2911.786490626277,-1.0,5.0
146,7734,4,"52,2296939","21,1372644",2026-05-11 19:15:36,11.05.2026 19:15:43,52.2296939,21.1372644,56.748494869504086,,2960.936627436531,-1.0,5.0
146,7734,4,"52,2289007","21,1390629",2026-05-11 19:15:46,11.05.2026 19:15:53,52.2289007,21.1390629,54.33879160953029,,3011.6661216127463,-1.0,5.0
146,7734,4,"52,228437","21,1401094",2026-05-11 19:15:54,11.05.2026 19:16:04,52.228437,21.1401094,39.58645137969487,,3037.223599853205,-1.0,5.0
146,7734,4,"52,2275779","21,1418057",2026-05-11 19:16:06,11.05.2026 19:16:13,52.2275779,21.1418057,44.97352754999268,,3069.750657408089,-1.0,5.0
146,7734,4,"52,2266517","21,1428937",2026-05-11 19:16:17,11.05.2026 19:16:23,52.2266517,21.1428937,41.52383910717447,,3070.653422039046,-1.0,5.0
146,7734,4,"52,2260127","21,1438007",2026-05-11 19:16:26,11.05.2026 19:16:34,52.2260127,21.1438007,37.66176208050781,,3083.3188323253917,-1.0,5.0
146,7734,4,"52,2260807","21,1447082",2026-05-11 19:16:34,11.05.2026 19:16:44,52.2260807,21.1447082,28.0226621346399,,3139.6708780485674,-1.0,5.0
146,7734,4,"52,2256455","21,1458979",2026-05-11 19:16:46,11.05.2026 19:16:54,52.2256455,21.1458979,28.314986310353042,,3174.521775796949,-1.0,5.0
146,7734,4,"52,2249777","21,1469404",2026-05-11 19:16:56,11.05.2026 19:17:04,52.2249777,21.1469404,36.987449780510126,,3181.3549529398456,-1.0,5.0
146,7734,4,"52,2242626","21,1477667",2026-05-11 19:17:06,11.05.2026 19:17:14,52.2242626,21.1477667,35.070875947894386,,3176.573897594635,-1.0,5.0
146,7734,4,"52,2233196","21,1487076",2026-05-11 19:17:15,11.05.2026 19:17:24,52.2233196,21.1487076,49.1568653214268,,3166.531112504426,-1.0,5.0
146,7734,4,"52,2223677","21,1496634",2026-05-11 19:17:25,11.05.2026 19:17:34,52.2223677,21.1496634,44.73614853530264,,3161.5577282563836,-1.0,5.0
146,7734,4,"52,2214697","21,1507582",2026-05-11 19:17:35,11.05.2026 19:17:44,52.2214697,21.1507582,44.866221566464745,,3172.6680464012334,-1.0,5.0
146,7734,4,"52,220848","21,1516447",2026-05-11 19:17:43,11.05.2026 19:17:54,52.220848,21.1516447,41.30614160949167,,3185.028526193477,-1.0,5.0
146,7734,4,"52,2195897","21,152941",2026-05-11 19:17:56,11.05.2026 19:18:04,52.2195897,21.152941,45.8175898355872,,3179.1577356403122,-1.0,5.0
146,7734,4,"52,2186822","21,1539247",2026-05-11 19:18:05,11.05.2026 19:18:14,52.2186822,21.1539247,48.45347228803338,,3183.127248091439,-1.0,5.0
146,7734,4,"52,2176754","21,1549541",2026-05-11 19:18:15,11.05.2026 19:18:24,52.2176754,21.1549541,47.55660258057075,,3189.192870855392,-1.0,5.0
146,7734,4,"52,2168827","21,1557519",2026-05-11 19:18:23,11.05.2026 19:18:34,52.2168827,21.1557519,46.599224375014494,,3197.030252041106,-1.0,5.0
146,7734,4,"52,2156499","21,1569899",2026-05-11 19:18:36,11.05.2026 19:18:44,52.2156499,21.1569899,44.57060827222112,,3215.6465826377394,-1.0,5.0
146,7734,4,"52,2147076","21,1579239",2026-05-11 19:18:46,11.05.2026 19:18:54,52.2147076,21.1579239,44.13152634242398,,3218.3392618010294,-1.0,5.0
146,7734,4,"52,2140479","21,158388",2026-05-11 19:18:56,11.05.2026 19:19:04,52.2140479,21.158388,28.75670372955743,,3204.6252757262077,-1.0,5.0
146,7734,4,"52,2136559","21,1588829",2026-05-11 19:19:04,11.05.2026 19:19:14,52.2136559,21.1588829,24.798439338896326,,3210.111252663821,-1.0,5.0
146,7734,4,"52,2126784","21,159934",2026-05-11 19:19:16,11.05.2026 19:19:24,52.2126784,21.159934,39.04920496263128,,3216.9650770214334,-1.0,5.0
146,7734,4,"52,2116771","21,1609472",2026-05-11 19:19:26,11.05.2026 19:19:34,52.2116771,21.1609472,47.16139183704565,,3225.558879059344,-1.0,5.0
146,7734,4,"52,2106764","21,1619594",2026-05-11 19:19:36,11.05.2026 19:19:44,52.2106764,21.1619594,47.12834928128189,,3239.4010322706167,-1.0,5.0
146,7734,4,"52,2102832","21,1623326",2026-05-11 19:19:40,11.05.2026 19:19:54,52.2102832,21.1623326,45.520809352540574,,3244.739686636396,-1.0,5.0
146,7734,4,"52,2086939","21,1639331",2026-05-11 19:19:57,11.05.2026 19:20:04,52.2086939,21.1639331,43.97549221816432,,3280.0947362913175,-1.0,5.0
146,7734,4,"52,2077484","21,1648754",2026-05-11 19:20:05,11.05.2026 19:20:14,52.2077484,21.1648754,55.43587362699124,,3306.5050361108397,-1.0,5.0
146,7734,4,"52,2068859","21,1657167",2026-05-11 19:20:13,11.05.2026 19:20:24,52.2068859,21.1657167,50.279863441969574,,3333.191954846331,-1.0,5.0
146,7734,4,"52,2056887","21,1669404",2026-05-11 19:20:25,11.05.2026 19:20:34,52.2056887,21.1669404,47.12468286112329,,3346.873850629588,-1.0,5.0
146,7734,4,"52,204907","21,1675911",2026-05-11 19:20:36,11.05.2026 19:20:44,52.204907,21.1675911,31.934550708851024,,3327.7943769483445,-1.0,5.0
146,7734,4,"52,20482","21,1675981",2026-05-11 19:20:46,11.05.2026 19:20:54,52.20482,21.1675981,3.486856314101905,,3322.295953175521,-1.0,5.0
146,7734,4,"52,204595","21,1678619",2026-05-11 19:20:53,11.05.2026 19:21:04,52.204595,21.1678619,15.843862124196413,,3321.554418815456,-1.0,5.0
146,7734,4,"52,2036517","21,168767",2026-05-11 19:21:05,11.05.2026 19:21:14,52.2036517,21.168767,36.50424615002686,,3308.0322487850594,-1.0,5.0
146,7734,4,"52,2028594","21,169497",2026-05-11 19:21:16,11.05.2026 19:21:24,52.2028594,21.169497,33.11180246629402,,3290.073115431064,-1.0,5.0
146,7734,4,"52,2028516","21,1695002",2026-05-11 19:21:26,11.05.2026 19:21:34,52.2028516,21.1695002,0.32195363897845436,,3289.699551985565,-1.0,5.0
146,7734,4,"52,2028154","21,1695314",2026-05-11 19:21:35,11.05.2026 19:21:44,52.2028154,21.1695314,1.8209212911134318,,3288.8376653271444,-1.0,5.0
146,7734,4,"52,2021095","21,1702095",2026-05-11 19:21:45,11.05.2026 19:21:54,52.2021095,21.1702095,32.79077797905087,,3277.03700912762,-1.0,5.0
146,7734,4,"52,2012799","21,1710409",2026-05-11 19:21:55,11.05.2026 19:22:04,52.2012799,21.1710409,38.97300541040208,,3268.282179380604,-1.0,5.0
146,7734,4,"52,2002389","21,1720722",2026-05-11 19:22:06,11.05.2026 19:22:14,52.2002389,21.1720722,44.31957516668939,,3246.0873186526023,-1.0,5.0
146,7734,4,"52,1992636","21,173043",2026-05-11 19:22:15,11.05.2026 19:22:24,52.1992636,21.173043,50.81500898588102,,3190.1168360525367,-1.0,5.0
146,7734,4,"52,1980639","21,1742434",2026-05-11 19:22:26,11.05.2026 19:22:34,52.1980639,21.1742434,51.21474288512412,,3112.287813366747,-1.0,5.0
146,7734,4,"52,1970802","21,1752219",2026-05-11 19:22:36,11.05.2026 19:22:44,52.1970802,21.1752219,46.119564119661995,,3047.771832493376,-1.0,5.0
146,7734,4,"52,1963026","21,1759942",2026-05-11 19:22:42,11.05.2026 19:22:54,52.1963026,21.1759942,60.73638325216561,,2999.6240068960556,-1.0,5.0
146,7734,4,"52,1946992","21,1775972",2026-05-11 19:22:56,11.05.2026 19:23:04,52.1946992,21.1775972,53.76981082664464,,2909.3751575086953,-1.0,5.0
146,7734,4,"52,1936699","21,1786295",2026-05-11 19:23:05,11.05.2026 19:23:14,52.1936699,21.1786295,53.740682604662396,,2858.1464981206286,-1.0,5.0
146,7734,4,"52,1925617","21,1797477",2026-05-11 19:23:15,11.05.2026 19:23:24,52.1925617,21.1797477,52.16165155552391,,2809.4364095361975,-1.0,5.0
146,7734,4,"52,1917012","21,1805737",2026-05-11 19:23:23,11.05.2026 19:23:34,52.1917012,21.1805737,49.95888143781661,,2774.3113987201036,-1.0,5.0
146,7734,4,"52,190464","21,1818822",2026-05-11 19:23:36,11.05.2026 19:23:44,52.190464,21.1818822,45.40301468105985,,2736.810970258322,-1.0,5.0
146,7734,4,"52,1896742","21,1827079",2026-05-11 19:23:45,11.05.2026 19:23:54,52.1896742,21.1827079,41.72433816069215,,2717.2959343637212,-1.0,5.0
146,7734,4,"52,1894131","21,1829775",2026-05-11 19:23:55,11.05.2026 19:24:04,52.1894131,21.1829775,12.369921538095124,,2711.525058356244,-1.0,5.0
146,7734,4,"52,1887674","21,1836759",2026-05-11 19:24:05,11.05.2026 19:24:14,52.1887674,21.1836759,31.013670502536595,,2700.7386932470067,-1.0,5.0
146,7734,4,"52,187672","21,1847951",2026-05-11 19:24:16,11.05.2026 19:24:24,52.187672,21.1847951,47.037469075615604,,2685.0823224082283,-1.0,5.0
146,7734,4,"52,1867514","21,1857177",2026-05-11 19:24:26,11.05.2026 19:24:34,52.1867514,21.1857177,43.251903260450504,,2675.462348906257,-1.0,5.0
146,7734,4,"52,185832","21,186617",2026-05-11 19:24:34,11.05.2026 19:24:44,52.185832,21.186617,53.6429354217944,,2664.0701859736046,-1.0,5.0
146,7734,4,"52,18476","21,1876801",2026-05-11 19:24:45,11.05.2026 19:24:54,52.18476,21.1876801,45.65626480176566,,2658.3282682880636,-1.0,5.0
146,7734,4,"52,1840497","21,1883781",2026-05-11 19:24:55,11.05.2026 19:25:04,52.1840497,21.1883781,33.195495167808915,,2658.176654950481,-1.0,5.0
146,7734,4,"52,1837759","21,1885642",2026-05-11 19:25:06,11.05.2026 19:25:14,52.1837759,21.1885642,10.794476243297522,,2654.0467763423285,-1.0,5.0
146,7734,4,"52,1834716","21,1889352",2026-05-11 19:25:12,11.05.2026 19:25:24,52.1834716,21.1889352,25.34736305486791,,2659.7564607282948,-1.0,5.0
146,7734,4,"52,1823302","21,1900579",2026-05-11 19:25:25,11.05.2026 19:25:34,52.1823302,21.1900579,41.0436183209598,,2670.4180387695183,-1.0,5.0
146,7734,4,"52,1813997","21,1909734",2026-05-11 19:25:35,11.05.2026 19:25:44,52.1813997,21.1909734,43.50119400139171,,2586.970289161901,-1.0,5.0
146,7734,4,"52,1803524","21,1920105",2026-05-11 19:25:46,11.05.2026 19:25:54,52.1803524,21.1920105,44.588053693284586,,2453.8613201976755,-1.0,5.0
146,7734,4,"52,1795137","21,1928401",2026-05-11 19:25:54,11.05.2026 19:26:04,52.1795137,21.1928401,49.08265376782564,,2347.543622821766,-1.0,5.0
146,7734,4,"52,1782502","21,1940897",2026-05-11 19:26:06,11.05.2026 19:26:15,52.1782502,21.1940897,49.29357346573598,,2187.892115824898,-1.0,5.0
146,7734,4,"52,1772672","21,1950557",2026-05-11 19:26:16,11.05.2026 19:26:24,52.1772672,21.1950557,45.942096072054355,,2064.3072236469843,-1.0,5.0
146,7734,4,"52,1760794","21,1962594",2026-05-11 19:26:27,11.05.2026 19:26:34,52.1760794,21.1962594,50.89189537352245,,1915.0379771886348,-1.0,5.0
146,7734,4,"52,1753125","21,197028",2026-05-11 19:26:33,11.05.2026 19:26:44,52.1753125,21.197028,60.05619566100314,,1819.35928890175,-1.0,5.0
146,7734,4,"52,1739311","21,1984197",2026-05-11 19:26:46,11.05.2026 19:26:54,52.1739311,21.1984197,50.00029305705694,,1648.2354815790738,-1.0,5.0
146,7734,4,"52,1729307","21,1994332",2026-05-11 19:26:56,11.05.2026 19:27:04,52.1729307,21.1994332,47.146092948246874,,1525.5974525027982,-1.0,5.0
146,7734,4,"52,1723399","21,2000164",2026-05-11 19:27:02,11.05.2026 19:27:14,52.1723399,21.2000164,46.07677197993211,,1454.0245444494801,-1.0,5.0
146,7734,4,"52,171217","21,2011531",2026-05-11 19:27:16,11.05.2026 19:27:24,52.171217,21.2011531,37.791440581291404,,1319.3750303220274,-1.0,5.0
146,7734,4,"52,1704235","21,2019502",2026-05-11 19:27:25,11.05.2026 19:27:34,52.1704235,21.2019502,41.453732633528894,,1225.9685559826146,-1.0,5.0
146,7734,4,"52,1696894","21,2026795",2026-05-11 19:27:35,11.05.2026 19:27:44,52.1696894,21.2026795,34.4113986039812,,1141.1555249378516,-1.0,5.0
146,7734,4,"52,1692214","21,2028919",2026-05-11 19:27:42,11.05.2026 19:27:54,52.1692214,21.2028919,27.78052081415203,,1088.5359471994473,-1.0,5.0
146,7734,4,"52,168502","21,2036267",2026-05-11 19:27:56,11.05.2026 19:28:04,52.168502,21.2036267,24.27287186274209,,1007.6358270034788,-1.0,5.0
146,7734,4,"52,1679992","21,2039924",2026-05-11 19:28:06,11.05.2026 19:28:14,52.1679992,21.2039924,22.03908888626489,,950.4722982054537,-1.0,5.0
146,7734,4,"52,1676729","21,2046459",2026-05-11 19:28:16,11.05.2026 19:28:24,52.1676729,21.2046459,20.689521692875495,,913.3550684615406,-1.0,5.0
146,7734,4,"52,1671279","21,2052809",2026-05-11 19:28:23,11.05.2026 19:28:34,52.1671279,21.2052809,38.3069446058819,,854.0818307263038,-1.0,5.0
146,7734,4,"52,1659144","21,2064569",2026-05-11 19:28:36,11.05.2026 19:28:44,52.1659144,21.2064569,43.469581435116744,,729.1348340927938,-1.0,5.0
146,7734,4,"52,1651027","21,20724",2026-05-11 19:28:46,11.05.2026 19:28:54,52.1651027,21.20724,37.755549124568915,,653.2533683474176,-1.0,5.0
146,7734,4,"52,1642679","21,2080726",2026-05-11 19:28:56,11.05.2026 19:29:04,52.1642679,21.2080726,39.17474745817854,,585.3937232337317,-1.0,5.0
146,7734,4,"52,1637967","21,2085399",2026-05-11 19:29:04,11.05.2026 19:29:14,52.1637967,21.2085399,27.59768418794726,,552.8120350868016,-1.0,5.0
146,7734,4,"52,163635","21,2086957",2026-05-11 19:29:16,11.05.2026 19:29:24,52.163635,21.2086957,6.265739628301581,,542.617626539356,-1.0,5.0
146,7734,4,"52,1635627","21,2087699",2026-05-11 19:29:26,11.05.2026 19:29:34,52.1635627,21.2087699,3.4199218385478103,,538.4234833992718,-1.0,5.0
146,7734,4,"52,163075","21,2092524",2026-05-11 19:29:36,11.05.2026 19:29:44,52.163075,21.2092524,22.836521839253276,,513.0751237141648,-1.0,5.0
146,7734,4,"52,1624079","21,2098857",2026-05-11 19:29:45,11.05.2026 19:29:54,52.1624079,21.2098857,34.335686167253975,,488.3656030559523,-1.0,5.0
146,7734,4,"52,1617717","21,2105114",2026-05-11 19:29:56,11.05.2026 19:30:04,52.1617717,21.2105114,27.039089769905406,,479.40515881241436,-1.0,5.0
146,7734,4,"52,1613984","21,2109044",2026-05-11 19:30:05,11.05.2026 19:30:14,52.1613984,21.2109044,19.765079080926842,,482.30276206394797,-1.0,5.0
146,7734,4,"52,1611606","21,2111359",2026-05-11 19:30:12,11.05.2026 19:30:24,52.1611606,21.2111359,15.839182548407802,,485.5778683212474,-1.0,5.0
146,7734,4,"52,1609976","21,2112842",2026-05-11 19:30:25,11.05.2026 19:30:35,52.1609976,21.2112842,5.747985769822469,,488.26879247297995,-1.0,5.0
146,7734,4,"52,1609046","21,2110829",2026-05-11 19:30:35,11.05.2026 19:30:44,52.1609046,21.2110829,6.188246863317105,,471.81018717669036,-1.0,5.0
146,7734,4,"52,1607611","21,2102217",2026-05-11 19:30:46,11.05.2026 19:30:54,52.1607611,21.2102217,19.922032893599948,,411.1743216294992,-1.0,5.0
146,7734,4,"52,1605974","21,2093169",2026-05-11 19:30:52,11.05.2026 19:31:04,52.1605974,21.2093169,38.60813310987535,,347.0306311895734,-1.0,5.0
146,7734,4,"52,1602247","21,2073044",2026-05-11 19:31:05,11.05.2026 19:31:14,52.1602247,21.2073044,39.71004980986926,,204.41673046108218,-1.0,5.0
146,7734,4,"52,1599577","21,2058667",2026-05-11 19:31:15,11.05.2026 19:31:24,52.1599577,21.2058667,36.88766324456479,39.0,103.82075117012846,-1.0,5.0
146,7734,4,"52,1598202","21,2050706",2026-05-11 19:31:25,11.05.2026 19:31:34,52.1598202,21.2050706,20.30981804859967,39.0,52.278822901881284,-1.0,5.0
146,7734,4,"52,1595956","21,2042672",2026-05-11 19:31:34,11.05.2026 19:31:44,52.1595956,21.2042672,24.09015015986251,39.0,26.191551106351216,-1.0,5.0
146,7734,4,"52,1594424","21,2042136",2026-05-11 19:31:46,11.05.2026 19:31:54,52.1594424,21.2042136,5.226907158381762,39.0,25.061793037573995,-1.0,5.0
146,7734,4,"52,1594632","21,204288",2026-05-11 19:31:55,11.05.2026 19:32:04,52.1594632,21.204288,2.2309242360823625,39.0,19.924050646209643,-1.0,5.0
146,7734,4,"52,159473","21,2044392",2026-05-11 19:32:05,11.05.2026 19:32:15,52.159473,21.2044392,3.7337065457787517,39.0,9.729913853696454,-1.0,5.0
146,7734,4,"52,1594647","21,2046469",2026-05-11 19:32:15,11.05.2026 19:32:24,52.1594647,21.2046469,5.11132899578991,39.0,4.607340284417968,-1.0,5.0
146,7734,4,"52,1594654","21,2046449",2026-05-11 19:32:26,11.05.2026 19:32:35,52.1594654,21.2046449,0.05140502829710631,39.0,4.483941209592843,-1.0,5.0
146,7734,4,"52,1594669","21,2046425",2026-05-11 19:32:36,11.05.2026 19:32:44,52.1594669,21.2046425,0.08413691859436782,39.0,4.352951067563628,-1.0,5.0
146,7734,4,"52,1594684","21,2046394",2026-05-11 19:32:44,11.05.2026 19:32:54,52.1594684,21.2046394,0.12119700114903437,39.0,4.1845719121037055,-1.0,5.0
146,7734,4,"52,1594639","21,2046454",2026-05-11 19:32:55,11.05.2026 19:33:05,52.1594639,21.2046454,0.21156407541828015,39.0,4.4943642202279905,-1.0,5.0
146,7734,4,"52,1594547","21,2046526",2026-05-11 19:33:06,11.05.2026 19:33:15,52.1594547,21.2046526,0.37138415210852743,39.0,4.975386862888548,-1.0,5.0
146,7734,4,"52,1594537","21,2046542",2026-05-11 19:33:16,11.05.2026 19:33:24,52.1594537,21.2046542,0.05609128637383822,39.0,5.095695648535004,-1.0,5.0
146,7734,4,"52,1594542","21,2046552",2026-05-11 19:33:23,11.05.2026 19:33:35,52.1594542,21.2046552,0.04525793326133858,39.0,5.157408358432933,-1.0,5.0
146,7734,4,"52,1594557","21,2046539",2026-05-11 19:33:36,11.05.2026 19:33:44,52.1594557,21.2046539,0.05231105271023675,39.0,5.054374888526834,-1.0,5.0
146,7734,4,"52,1594567","21,2046512",2026-05-11 19:33:45,11.05.2026 19:33:55,52.1594567,21.2046512,0.08605680204976895,39.0,4.863587548984684,-1.0,5.0
146,7734,4,"52,1594567","21,2046512",2026-05-11 19:33:45,11.05.2026 19:34:04,52.1594567,21.2046512,0.0,39.0,4.863587548984684,-1.0,5.0
146,7734,4,"52,1594567","21,2046512",2026-05-11 19:34:01,11.05.2026 19:34:14,52.1594567,21.2046512,0.0,39.0,4.863587548984684,-1.0,5.0
146,7734,4,"52,1594567","21,2046512",2026-05-11 19:34:16,11.05.2026 19:34:24,52.1594567,21.2046512,0.0,39.0,4.863587548984684,-1.0,5.0
146,7734,4,"52,1594567","21,2046512",2026-05-11 19:34:22,11.05.2026 19:34:34,52.1594567,21.2046512,0.0,39.0,4.863587548984684,-1.0,5.0
146,7734,4,"52,1594702","21,2046484",2026-05-11 19:34:34,11.05.2026 19:34:45,52.1594702,21.2046484,0.4539701688777894,39.0,4.829203835721424,-1.0,5.0
146,7734,4,"52,15947","21,2046485",2026-05-11 19:34:45,11.05.2026 19:34:54,52.15947,21.2046485,0.007612903937061474,39.0,4.830115362577547,-1.0,5.0
146,7734,4,"52,1594696","21,2046486",2026-05-11 19:34:56,11.05.2026 19:35:04,52.1594696,21.2046486,0.014726624504798174,39.0,4.825658732147966,-1.0,5.0
146,7734,4,"52,1594695","21,2046487",2026-05-11 19:35:02,11.05.2026 19:35:15,52.1594695,21.2046487,0.00782706856150163,39.0,4.829573672374855,-1.0,5.0
146,7734,4,"52,1594691","21,2046488",2026-05-11 19:35:13,11.05.2026 19:35:25,52.1594691,21.2046488,0.01472662451936396,39.0,4.825648298039751,-1.0,5.0
146,7734,4,"52,159469","21,2046488",2026-05-11 19:35:25,11.05.2026 19:35:34,52.159469,21.2046488,0.0033358479398448715,39.0,4.823072597241842,-1.0,5.0
146,7734,4,"52,1594689","21,204649",2026-05-11 19:35:36,11.05.2026 19:35:45,52.1594689,21.204649,0.005760099379218954,39.0,4.833804534536474,-1.0,5.0
146,7734,4,"52,1594689","21,2046489",2026-05-11 19:35:46,11.05.2026 19:35:55,52.1594689,21.2046489,0.0024557144994286394,39.0,4.827162601374915,-1.0,5.0
146,7734,4,"52,1594689","21,2046489",2026-05-11 19:35:52,11.05.2026 19:36:05,52.1594689,21.2046489,0.0,39.0,4.827162601374915,-1.0,5.0
146,7734,4,"52,1594688","21,2046488",2026-05-11 19:36:04,11.05.2026 19:36:15,52.1594688,21.2046488,0.003913534444419686,39.0,4.817994053789847,-1.0,5.0
146,7734,4,"52,1594688","21,2046486",2026-05-11 19:36:15,11.05.2026 19:36:25,52.1594688,21.2046486,0.0044649354635383515,39.0,4.804705716809056,-1.0,5.0
146,7734,4,"52,1594689","21,2046485",2026-05-11 19:36:25,11.05.2026 19:36:35,52.1594689,21.2046485,0.004696241333303623,39.0,4.800599903170519,-1.0,5.0
146,7734,4,"52,1594688","21,2046484",2026-05-11 19:36:34,11.05.2026 19:36:45,52.1594688,21.2046484,0.005218045971273039,39.0,4.791419372711599,-1.0,5.0
146,7734,4,"52,1594688","21,2046483",2026-05-11 19:36:43,11.05.2026 19:36:55,52.1594688,21.2046483,0.002728571672162326,39.0,4.78477695299675,-1.0,5.0
146,7734,4,"52,1594687","21,2046486",2026-05-11 19:36:54,11.05.2026 19:37:05,52.1594687,21.2046486,0.007622224455075597,39.0,4.8021960254676,-1.0,5.0
146,7734,4,"52,1594685","21,2046485",2026-05-11 19:37:06,11.05.2026 19:37:15,52.1594685,21.2046485,0.006978494871041605,39.0,4.790596264365654,-1.0,5.0
146,7734,4,"52,1594685","21,2046484",2026-05-11 19:37:12,11.05.2026 19:37:25,52.1594685,21.2046484,0.004092857535830755,39.0,4.783942975061995,-1.0,5.0
146,7734,4,"52,1594683","21,2046485",2026-05-11 19:37:24,11.05.2026 19:37:35,52.1594683,21.2046485,0.006978495095693091,39.0,4.785741620034263,-1.0,5.0
146,7734,4,"52,1594631","21,204682",2026-05-11 19:37:35,11.05.2026 19:37:45,52.1594631,21.204682,0.7714460095126184,39.0,6.972778829489165,-1.0,5.0
146,7734,4,"52,1594625","21,204679",2026-05-11 19:37:42,11.05.2026 19:37:55,52.1594625,21.204679,0.11069678253978384,39.0,6.764420869795451,-1.0,5.0
146,7734,4,"52,1594609","21,2046744",2026-05-11 19:37:56,11.05.2026 19:38:05,52.1594609,21.2046744,0.09275487513432301,39.0,6.442895197672989,-1.0,5.0
146,7734,4,"52,1594602","21,2046701",2026-05-11 19:38:06,11.05.2026 19:38:15,52.1594602,21.2046701,0.10925037305497996,39.0,6.147557173586699,-1.0,5.0
146,7734,4,"52,1594602","21,2046679",2026-05-11 19:38:15,11.05.2026 19:38:25,52.1594602,21.2046679,0.060028587778997305,39.0,5.997521941318711,-1.0,5.0
146,7734,4,"52,1594602","21,2046686",2026-05-11 19:38:23,11.05.2026 19:38:35,52.1594602,21.2046686,0.021487505874898286,39.0,6.045260229219238,-1.0,5.0
146,7734,4,"52,1594594","21,2046699",2026-05-11 19:38:34,11.05.2026 19:38:45,52.1594594,21.2046699,0.041107659967741766,39.0,6.132627386869869,-1.0,5.0
146,7734,4,"52,1594584","21,2046715",2026-05-11 19:38:45,11.05.2026 19:38:55,52.1594584,21.2046715,0.0509920760446709,39.0,6.241965612717548,-1.0,5.0
146,7734,4,"52,1594589","21,2046712",2026-05-11 19:38:56,11.05.2026 19:39:05,52.1594589,21.2046712,0.019388983192775294,39.0,6.221154662418251,-1.0,5.0
146,7734,4,"52,1594601","21,2046705",2026-05-11 19:39:04,11.05.2026 19:39:15,52.1594601,21.2046705,0.06377418142359376,39.0,6.1746062258108,-1.0,5.0
146,7734,4,"52,1594615","21,2046671",2026-05-11 19:39:16,11.05.2026 19:39:25,52.1594615,21.2046671,0.08379883465376643,39.0,5.947965529941005,-1.0,5.0
146,7734,4,"52,1594627","21,2046635",2026-05-11 19:39:26,11.05.2026 19:39:35,52.1594627,21.2046635,0.10061337496804615,39.0,5.710733716476962,-1.0,5.0
146,7734,4,"52,1594645","21,2046599",2026-05-11 19:39:36,11.05.2026 19:39:45,52.1594645,21.2046599,0.11404997727424733,39.0,5.484527163443439,-1.0,5.0
146,7734,4,"52,1594657","21,2046565",2026-05-11 19:39:44,11.05.2026 19:39:55,52.1594657,21.2046565,0.12040799994061153,39.0,5.271306304475063,-1.0,5.0
146,7734,4,"52,1594669","21,2046509",2026-05-11 19:39:55,11.05.2026 19:40:05,52.1594669,21.2046509,0.13242566229214658,39.0,4.91552259738518,-1.0,5.0
146,7734,4,"52,1594716","21,2046544",2026-05-11 19:40:05,11.05.2026 19:40:15,52.1594716,21.2046544,0.20684474008194118,39.0,5.264982551485449,-1.0,5.0
146,7734,4,"52,1594721","21,2046574",2026-05-11 19:40:12,11.05.2026 19:40:25,52.1594721,21.2046574,0.1090598337022613,39.0,5.477041646187371,-1.0,5.0
146,7734,4,"52,1594716","21,204659",2026-05-11 19:40:25,11.05.2026 19:40:35,52.1594716,21.204659,0.03391967618676972,39.0,5.568080318384098,-1.0,5.0
146,7734,4,"52,1594716","21,2046632",2026-05-11 19:40:35,11.05.2026 19:40:45,52.1594716,21.2046632,0.10314000162573599,39.0,5.8458068520641095,-1.0,5.0
146,7734,4,"52,1594721","21,2046634",2026-05-11 19:40:45,11.05.2026 19:40:55,52.1594721,21.2046634,0.020608877311495206,39.0,5.872595941549382,-1.0,5.0
146,7734,4,"52,1594722","21,2046609",2026-05-11 19:40:52,11.05.2026 19:41:05,52.1594722,21.2046609,0.08789031994197526,39.0,5.7103943204191925,-1.0,5.0
146,7734,4,"52,1594699","21,2046672",2026-05-11 19:41:06,11.05.2026 19:41:15,52.1594699,21.2046672,0.12859515611248953,39.0,6.070512277940334,-1.0,5.0
146,7734,4,"52,1594674","21,2046669",2026-05-11 19:41:16,11.05.2026 19:41:25,52.1594674,21.2046669,0.10034623718567076,39.0,6.000958849544801,-1.0,5.0
146,7734,4,"52,1594684","21,2046751",2026-05-11 19:41:25,11.05.2026 19:41:35,52.1594684,21.2046751,0.2281209458297257,39.0,6.570845660130503,-1.0,5.0
146,7734,4,"52,1594716","21,2046819",2026-05-11 19:41:34,11.05.2026 19:41:45,52.1594716,21.2046819,0.23384576937523396,39.0,7.090830054514539,-1.0,5.0
146,7734,4,"52,1594735","21,2046877",2026-05-11 19:41:47,11.05.2026 19:41:55,52.1594735,21.2046877,0.1242049961142476,39.0,7.521522271336761,-1.0,5.0
146,7734,4,"52,1594712","21,2046936",2026-05-11 19:41:55,11.05.2026 19:42:05,52.1594712,21.2046936,0.2145819278389145,39.0,7.866990443615289,-1.0,5.0
146,7734,4,"52,1594716","21,2046959",2026-05-11 19:42:06,11.05.2026 19:42:15,52.1594716,21.2046959,0.05337020471953359,39.0,8.0292202950571,-1.0,5.0
146,7734,4,"52,1594744","21,2046966",2026-05-11 19:42:15,11.05.2026 19:42:25,52.1594744,21.2046966,0.12599445450037508,39.0,8.13603363524236,-1.0,5.0
146,7734,4,"52,1594787","21,2046952",2026-05-11 19:42:26,11.05.2026 19:42:35,52.1594787,21.2046952,0.15957234618703225,39.0,8.157887576610937,-1.0,5.0
146,7734,4,"52,1594824","21,2046862",2026-05-11 19:42:36,11.05.2026 19:42:45,52.1594824,21.2046862,0.2660532935415306,39.0,7.697461707977678,-1.0,5.0
146,7734,4,"52,1594827","21,2046809",2026-05-11 19:42:46,11.05.2026 19:42:55,52.1594827,21.2046809,0.13070568373449273,39.0,7.3700844079582755,-1.0,5.0
146,7734,4,"52,1594839","21,2046704",2026-05-11 19:42:55,11.05.2026 19:43:05,52.1594839,21.2046704,0.29142914559042543,39.0,6.759630283145593,-1.0,5.0
146,7734,4,"52,159481","21,2046709",2026-05-11 19:43:06,11.05.2026 19:43:15,52.159481,21.2046709,0.10612277175718193,39.0,6.6657891966962906,-1.0,5.0
146,7734,4,"52,1594784","21,2046727",2026-05-11 19:43:16,11.05.2026 19:43:26,52.1594784,21.2046727,0.11307615121968673,39.0,6.681290251371891,-1.0,5.0
146,7734,4,"52,159476","21,2046729",2026-05-11 19:43:23,11.05.2026 19:43:35,52.159476,21.2046729,0.13742553720390643,39.0,6.613034228853613,-1.0,5.0
146,7734,4,"52,1594741","21,2046741",2026-05-11 19:43:36,11.05.2026 19:43:45,52.1594741,21.2046741,0.06274355638849415,39.0,6.634930284852924,-1.0,5.0
146,7734,4,"52,1594727","21,2046809",2026-05-11 19:43:46,11.05.2026 19:43:55,52.1594727,21.2046809,0.17614174586881728,39.0,7.049390203830622,-1.0,5.0
146,7734,4,"52,1594737","21,2046802",2026-05-11 19:43:56,11.05.2026 19:44:05,52.1594737,21.2046802,0.04356501898381146,39.0,7.027803218150347,-1.0,5.0
146,7734,4,"52,1594749","21,2046772",2026-05-11 19:44:04,11.05.2026 19:44:15,52.1594749,21.2046772,0.10993574983960756,39.0,6.862099917681174,-1.0,5.0
146,7734,4,"52,159476","21,2046711",2026-05-11 19:44:16,11.05.2026 19:44:25,52.159476,21.2046711,0.13011354749169035,39.0,6.495466515702746,-1.0,5.0
146,7734,4,"52,1595795","21,2048164",2026-05-11 19:44:26,11.05.2026 19:44:35,52.1595795,21.2048164,5.467828729331045,39.0,20.966058696441298,-1.0,5.0
146,7734,4,"52,1596582","21,2044764",2026-05-11 19:44:35,11.05.2026 19:44:45,52.1596582,21.2044764,9.91552959200659,39.0,23.250077360323168,-1.0,5.0
146,7734,4,"52,1595006","21,2034902",2026-05-11 19:44:44,11.05.2026 19:44:55,52.1595006,21.2034902,27.80712699466372,38.0,6.8652957780404,-1.0,5.0
146,7734,4,"52,1594334","21,203014",2026-05-11 19:44:59,11.05.2026 19:45:05,52.1594334,21.203014,7.999681204793438,38.0,32.953410486409815,-1.0,5.0
146,7734,4,"52,1593182","21,2022182",2026-05-11 19:45:05,11.05.2026 19:45:15,52.1593182,21.2022182,33.4655534722555,38.0,88.26073072629161,-1.0,5.0
146,7734,4,"52,1590211","21,2004244",2026-05-11 19:45:15,11.05.2026 19:45:25,52.1590211,21.2004244,45.628112051160045,,190.37722118588783,-1.0,5.0
146,7734,4,"52,1587011","21,1986227",2026-05-11 19:45:25,11.05.2026 19:45:35,52.1587011,21.1986227,46.062197617631455,37.0,62.81470725199598,-1.0,5.0
146,7734,4,"52,1583369","21,1968114",2026-05-11 19:45:36,11.05.2026 19:45:45,52.1583369,21.1968114,42.5541315149408,37.0,67.82668092627611,-1.0,5.0
146,7734,4,"52,1579889","21,1951181",2026-05-11 19:45:46,11.05.2026 19:45:55,52.1579889,21.1951181,43.855148346591335,,189.42920780487117,-1.0,5.0
146,7734,4,"52,1577716","21,19409",2026-05-11 19:45:52,11.05.2026 19:46:05,52.1577716,21.19409,44.507537639313114,,164.71568622898187,-1.0,5.0
146,7734,4,"52,1573085","21,191833",2026-05-11 19:46:06,11.05.2026 19:46:15,52.1573085,21.191833,41.74696662020617,36.0,5.427789381859706,-1.0,5.0
146,7734,4,"52,1569842","21,1902592",2026-05-11 19:46:16,11.05.2026 19:46:25,52.1569842,21.1902592,40.77196586806576,35.0,96.91941084767637,-1.0,5.0
146,7734,4,"52,1567037","21,1887235",2026-05-11 19:46:25,11.05.2026 19:46:35,52.1567037,21.1887235,43.72291840298832,35.0,13.065216083374626,-1.0,5.0
146,7734,4,"52,1566234","21,1882117",2026-05-11 19:46:33,11.05.2026 19:46:45,52.1566234,21.1882117,16.217070779793197,35.0,48.76769129957376,-1.0,5.0
146,7734,4,"52,1563791","21,1868712",2026-05-11 19:46:46,11.05.2026 19:46:55,52.1563791,21.1868712,26.41757827586352,,143.9744385982757,-1.0,5.0
146,7734,4,"52,1560757","21,1851845",2026-05-11 19:46:56,11.05.2026 19:47:05,52.1560757,21.1851845,43.167296555900535,34.0,117.73212778923771,-1.0,5.0
146,7734,4,"52,1558252","21,1837861",2026-05-11 19:47:05,11.05.2026 19:47:15,52.1558252,21.1837861,39.752674068883884,34.0,19.177777038747596,-1.0,5.0
146,7734,4,"52,1556384","21,1826122",2026-05-11 19:47:15,11.05.2026 19:47:25,52.1556384,21.1826122,29.784005474783445,34.0,65.06805792451529,-1.0,5.0
146,7734,4,"52,1555805","21,1819554",2026-05-11 19:47:25,11.05.2026 19:47:35,52.1555805,21.1819554,16.296195553394295,34.0,110.33411481853187,-1.0,5.0
146,7734,4,"52,1558607","21,1811515",2026-05-11 19:47:35,11.05.2026 19:47:45,52.1558607,21.1811515,22.706846383248525,,164.63918670241767,-1.0,5.0
146,7734,4,"52,1558844","21,1810857",2026-05-11 19:47:42,11.05.2026 19:47:55,52.1558844,21.1810857,2.676994302877512,,169.36218169978685,-1.0,5.0
146,7734,4,"52,1560164","21,1805931",2026-05-11 19:47:56,11.05.2026 19:48:05,52.1560164,21.1805931,9.429582734062658,,204.60664655483976,-1.0,5.0
146,7734,4,"52,1564977","21,1791687",2026-05-11 19:48:05,11.05.2026 19:48:15,52.1564977,21.1791687,44.37382867929889,,311.26077771962713,-1.0,5.0
146,7734,4,"52,1570912","21,1774532",2026-05-11 19:48:16,11.05.2026 19:48:25,52.1570912,21.1774532,43.970326976962475,,219.1672645278448,-1.0,5.0
146,7734,4,"52,1572699","21,176938",2026-05-11 19:48:19,11.05.2026 19:48:35,52.1572699,21.176938,48.44889141784698,,178.86562921126193,-1.0,5.0
146,7734,4,"52,1581837","21,1743192",2026-05-11 19:48:36,11.05.2026 19:48:45,52.1581837,21.1743192,43.52224596975519,33.0,29.750773869765197,-1.0,5.0
146,7734,4,"52,1582904","21,1740325",2026-05-11 19:48:45,11.05.2026 19:48:55,52.1582904,21.1740325,9.149996328999938,33.0,51.60134121682866,-1.0,5.0
146,7734,4,"52,1582887","21,1740316",2026-05-11 19:48:56,11.05.2026 19:49:06,52.1582887,21.1740316,0.06504593320553331,33.0,51.51394743814333,-1.0,5.0
146,7734,4,"52,1582909","21,1740304",2026-05-11 19:49:04,11.05.2026 19:49:15,52.1582909,21.1740304,0.11608274559421371,33.0,51.7428600091389,-1.0,5.0
146,7734,4,"52,1582904","21,1740367",2026-05-11 19:49:16,11.05.2026 19:49:25,52.1582904,21.1740367,0.1300028277627436,33.0,51.396251235660635,-1.0,5.0
146,7734,4,"52,1582939","21,1740307",2026-05-11 19:49:26,11.05.2026 19:49:35,52.1582939,21.1740307,0.20332400285808613,33.0,51.960979612077175,-1.0,5.0
146,7734,4,"52,1584257","21,1735752",2026-05-11 19:49:34,11.05.2026 19:49:45,52.1584257,21.1735752,15.459818347525731,33.0,85.16522714248352,-1.0,5.0
146,7734,4,"52,1583414","21,1729426",2026-05-11 19:49:44,11.05.2026 19:49:55,52.1583414,21.1729426,15.897511500583173,33.0,118.88396394537673,-1.0,5.0
146,7734,4,"52,1589644","21,1720392",2026-05-11 19:49:55,11.05.2026 19:50:05,52.1589644,21.1720392,30.344204144542836,,149.2575405787451,-1.0,5.0
146,7734,4,"52,159687","21,1707594",2026-05-11 19:50:06,11.05.2026 19:50:15,52.159687,21.1707594,38.8304466733789,32.0,31.072549612079314,-1.0,5.0
146,7734,4,"52,1603069","21,1696477",2026-05-11 19:50:16,11.05.2026 19:50:25,52.1603069,21.1696477,36.892432673667656,32.0,72.18796573591658,-1.0,5.0
146,7734,4,"52,1608827","21,1686797",2026-05-11 19:50:25,11.05.2026 19:50:36,52.1608827,21.1686797,36.789701331505356,,164.11508780407163,-1.0,5.0
146,7734,4,"52,1615392","21,1675086",2026-05-11 19:50:36,11.05.2026 19:50:45,52.1615392,21.1675086,35.41532033877155,31.0,99.2761758568376,-1.0,5.0
146,7734,4,"52,1620466","21,1663464",2026-05-11 19:50:46,11.05.2026 19:50:55,52.1620466,21.1663464,35.02875612568395,31.0,7.74547506649021,-1.0,5.0
146,7734,4,"52,1624656","21,1652479",2026-05-11 19:50:56,11.05.2026 19:51:05,52.1624656,21.1652479,31.763756830277973,31.0,86.4009100106743,-1.0,5.0
146,7734,4,"52,1628062","21,164351",2026-05-11 19:51:06,11.05.2026 19:51:16,52.1628062,21.164351,25.902479688625668,,158.19964807821194,-1.0,5.0
146,7734,4,"52,1630174","21,1636049",2026-05-11 19:51:13,11.05.2026 19:51:25,52.1630174,21.1636049,28.824709723234715,,213.6497204052328,-1.0,5.0
146,7734,4,"52,1631046","21,1621704",2026-05-11 19:51:26,11.05.2026 19:51:35,52.1631046,21.1621704,27.228395397414143,,201.24633308965264,-1.0,5.0
146,7734,4,"52,1631229","21,1613054",2026-05-11 19:51:33,11.05.2026 19:51:45,52.1631229,21.1613054,30.361170494945238,,166.58623444501336,-1.0,5.0
146,7734,4,"52,1636999","21,160663",2026-05-11 19:51:45,11.05.2026 19:51:55,52.1636999,21.160663,23.308215304085678,30.0,90.37094664598794,-1.0,5.0
146,7734,4,"52,1645014","21,1602922",2026-05-11 19:51:55,11.05.2026 19:52:05,52.1645014,21.1602922,33.351057148111366,30.0,5.638396913218276,-1.0,5.0
146,7734,4,"52,1651012","21,1603094",2026-05-11 19:52:05,11.05.2026 19:52:16,52.1651012,21.1603094,24.013812198590347,30.0,70.61659300985022,-1.0,5.0
146,7734,4,"52,1652967","21,1603159",2026-05-11 19:52:14,11.05.2026 19:52:25,52.1652967,21.1603159,8.697251347989871,30.0,92.33330763101176,-1.0,5.0
146,7734,4,"52,1652992","21,1603119",2026-05-11 19:52:26,11.05.2026 19:52:36,52.1652992,21.1603119,0.11684931826208231,30.0,92.59387689186428,-1.0,5.0
146,7734,4,"52,1654291","21,1602487",2026-05-11 19:52:36,11.05.2026 19:52:45,52.1654291,21.1602487,5.426533432073092,30.0,106.87705475681281,-1.0,5.0
146,7734,4,"52,1659174","21,1596487",2026-05-11 19:52:46,11.05.2026 19:52:56,52.1659174,21.1596487,24.476794824835377,29.0,112.08640364357399,-1.0,5.0
146,7734,4,"52,1663069","21,1589189",2026-05-11 19:52:55,11.05.2026 19:53:06,52.1663069,21.1589189,26.392056835412678,29.0,47.662255250231205,-1.0,5.0
146,7734,4,"52,166813","21,1575007",2026-05-11 19:53:06,11.05.2026 19:53:17,52.166813,21.1575007,36.62370093691881,29.0,65.12871325624339,-1.0,5.0
146,7734,4,"52,1671861","21,1574386",2026-05-11 19:53:15,11.05.2026 19:53:27,52.1671861,21.1574386,16.680984909829785,29.0,98.11616505269396,-1.0,5.0
146,7734,4,"52,1676235","21,1578239",2026-05-11 19:53:26,11.05.2026 19:53:37,52.1676235,21.1578239,18.092211718420636,,132.25534330513125,-1.0,5.0
146,7734,4,"52,1682684","21,1573635",2026-05-11 19:53:35,11.05.2026 19:53:47,52.1682684,21.1573635,31.313179901363714,,127.75072385012314,-1.0,5.0
146,7734,4,"52,1691719","21,1567444",2026-05-11 19:53:46,11.05.2026 19:53:57,52.1691719,21.1567444,35.665061922740755,28.0,23.218428797491057,-1.0,5.0
146,7734,4,"52,1704515","21,1559989",2026-05-11 19:54:03,11.05.2026 19:54:07,52.1704515,21.1559989,31.996751253049702,,134.93105740208662,-1.0,5.0
146,7734,4,"52,1704515","21,1559989",2026-05-11 19:54:03,11.05.2026 19:54:17,52.1704515,21.1559989,0.0,,134.93105740208662,-1.0,5.0
146,7734,4,"52,1713854","21,1554307",2026-05-11 19:54:15,11.05.2026 19:54:27,52.1713854,21.1554307,33.25170429846653,27.0,88.21161710693127,-1.0,5.0
146,7734,4,"52,1719687","21,1550554",2026-05-11 19:54:25,11.05.2026 19:54:37,52.1719687,21.1550554,25.10174013616765,27.0,26.58698980604374,-1.0,5.0
146,7734,4,"52,1721757","21,1548901",2026-05-11 19:54:36,11.05.2026 19:54:47,52.1721757,21.1548901,8.387831819256897,27.0,21.590007223091817,-1.0,5.0
146,7734,4,"52,1723807","21,1546594",2026-05-11 19:54:55,11.05.2026 19:55:08,52.1723807,21.1546594,5.24784641169786,27.0,38.907831322853205,-1.0,5.0
146,7734,4,"52,1728897","21,1544949",2026-05-11 19:55:05,11.05.2026 19:55:17,52.1728897,21.1544949,20.77171992526885,26.0,90.96703630893698,-1.0,5.0
146,7734,4,"52,1731049","21,1540082",2026-05-11 19:55:15,11.05.2026 19:55:27,52.1731049,21.1540082,14.729971682669504,26.0,51.95573699534698,-1.0,5.0
146,7734,4,"52,1734454","21,1530937",2026-05-11 19:55:24,11.05.2026 19:55:38,52.1734454,21.1530937,29.182508023792394,26.0,29.144956328199214,-1.0,5.0
146,7734,4,"52,1740297","21,1514711",2026-05-11 19:55:36,11.05.2026 19:55:47,52.1740297,21.1514711,38.49417611014532,,152.83149026993212,-1.0,5.0
146,7734,4,"52,1748245","21,1492667",2026-05-11 19:55:55,11.05.2026 19:55:58,52.1748245,21.1492667,33.03968967954528,,150.22551572613577,-1.0,5.0
146,7734,4,"52,1748245","21,1492667",2026-05-11 19:55:55,11.05.2026 19:56:08,52.1748245,21.1492667,0.0,,150.22551572613577,-1.0,5.0
146,7734,4,"52,1748369","21,149223",2026-05-11 19:56:06,11.05.2026 19:56:18,52.1748369,21.149223,1.0745890429149492,,146.94557877548922,-1.0,5.0
146,7734,4,"52,1751049","21,1483605",2026-05-11 19:56:16,11.05.2026 19:56:27,52.1751049,21.1483605,23.735933144337185,25.0,81.41824832610749,-1.0,5.0
146,7734,4,"52,1756119","21,1469304",2026-05-11 19:56:26,11.05.2026 19:56:37,52.1756119,21.1469304,40.550892126931096,25.0,36.838436185560674,-1.0,5.0
146,7734,4,"52,1760039","21,1458666",2026-05-11 19:56:33,11.05.2026 19:56:47,52.1760039,21.1458666,43.52316062228492,25.0,118.9010662210526,-1.0,5.0
146,7734,4,"52,1762136","21,145314",2026-05-11 19:56:45,11.05.2026 19:56:57,52.1762136,21.145314,13.293677953563199,,162.9744571345661,-1.0,5.0
146,7734,4,"52,1762132","21,1453167",2026-05-11 19:56:55,11.05.2026 19:57:06,52.1762132,21.1453167,0.06818605234569403,,162.80044814894222,-1.0,5.0
146,7734,4,"52,1762084","21,145317",2026-05-11 19:57:06,11.05.2026 19:57:16,52.1762084,21.145317,0.17480537204099597,,162.46446843806856,-1.0,5.0
146,7734,4,"52,1761977","21,1453129",2026-05-11 19:57:14,11.05.2026 19:57:26,52.1761977,21.1453129,0.5499860435902822,,161.98125768632397,-1.0,5.0
146,7734,4,"52,1764107","21,1446349",2026-05-11 19:57:26,11.05.2026 19:57:36,52.1764107,21.1446349,15.583650592789287,,213.42159259680872,-1.0,5.0
146,7734,4,"52,1769135","21,1432181",2026-05-11 19:57:36,11.05.2026 19:57:46,52.1769135,21.1432181,40.18320891115348,,320.55055875854805,-1.0,5.0
146,7734,4,"52,1775367","21,1416257",2026-05-11 19:57:46,11.05.2026 19:57:57,52.1775367,21.1416257,46.37141566461934,,192.73797079430722,-1.0,5.0
146,7734,4,"52,1781632","21,1406394",2026-05-11 19:57:55,11.05.2026 19:58:06,52.1781632,21.1406394,38.73158328214561,24.0,96.44361701174489,-1.0,5.0
146,7734,4,"52,1788391","21,1397375",2026-05-11 19:58:06,11.05.2026 19:58:17,52.1788391,21.1397375,31.78136608205607,24.0,22.298813322511847,-1.0,5.0
146,7734,4,"52,1788745","21,1396851",2026-05-11 19:58:16,11.05.2026 19:58:27,52.1788745,21.1396851,1.913760554750274,24.0,23.40316437786673,-1.0,5.0
146,7734,4,"52,1789491","21,1395606",2026-05-11 19:58:22,11.05.2026 19:58:36,52.1789491,21.1395606,7.121369749715643,24.0,28.85297216866169,-1.0,5.0
146,7734,4,"52,1796724","21,1384804",2026-05-11 19:58:35,11.05.2026 19:58:46,52.1796724,21.1384804,30.20010778803686,,130.01632351828445,-1.0,5.0
146,7734,4,"52,1810812","21,1364721",2026-05-11 19:58:54,11.05.2026 19:58:57,52.1810812,21.1364721,39.42218397556997,,337.2537384009383,-1.0,5.0
146,7734,4,"52,1810812","21,1364721",2026-05-11 19:58:54,11.05.2026 19:59:06,52.1810812,21.1364721,0.0,,337.2537384009383,-1.0,5.0
146,7734,4,"52,1817666","21,135505",2026-05-11 19:59:03,11.05.2026 19:59:16,52.1817666,21.135505,40.31113974451005,,374.91887599115006,-1.0,5.0
146,7734,4,"52,182807","21,1341631",2026-05-11 19:59:16,11.05.2026 19:59:26,52.182807,21.1341631,40.8439629209466,,227.70049476468432,-1.0,5.0
146,7734,4,"52,1834539","21,1333487",2026-05-11 19:59:26,11.05.2026 19:59:36,52.1834539,21.1333487,32.71278406890216,,137.44205717656874,-1.0,5.0
146,7734,4,"52,1838496","21,132845",2026-05-11 19:59:36,11.05.2026 19:59:46,52.1838496,21.132845,20.093290823514007,23.0,82.59545223828442,-1.0,5.0
146,7734,4,"52,1838879","21,1327904",2026-05-11 19:59:56,11.05.2026 19:59:58,52.1838879,21.1327904,1.0181347969407204,23.0,77.04346368501987,-1.0,5.0
146,7734,4,"52,1838879","21,1327904",2026-05-11 19:59:56,11.05.2026 20:00:06,52.1838879,21.1327904,0.0,23.0,77.04346368501987,-1.0,5.0
146,7734,4,"52,1842294","21,1323604",2026-05-11 20:00:05,11.05.2026 20:00:17,52.1842294,21.1323604,19.189071957778417,23.0,33.07201448651769,-1.0,5.0
146,7734,4,"52,184642","21,1318957",2026-05-11 20:00:16,11.05.2026 20:00:26,52.184642,21.1318957,18.247020306911924,23.0,37.02836811095682,-1.0,5.0
146,7734,4,"52,184666","21,1318607",2026-05-11 20:00:25,11.05.2026 20:00:37,52.184666,21.1318607,1.4319525402382323,23.0,39.75761980156084,-1.0,5.0
146,7734,4,"52,1846959","21,1318132",2026-05-11 20:00:36,11.05.2026 20:00:47,52.1846959,21.1318132,1.5189363043810513,23.0,43.36394924939675,-1.0,5.0
146,7734,4,"52,185156","21,1311674",2026-05-11 20:00:46,11.05.2026 20:00:56,52.185156,21.1311674,24.298945349478707,23.0,106.38312974756654,-1.0,5.0
146,7734,4,"52,1863272","21,1296749",2026-05-11 20:01:04,11.05.2026 20:01:07,52.1863272,21.1296749,33.053440883612424,22.0,68.9877173467255,-1.0,5.0
146,7734,4,"52,1863272","21,1296749",2026-05-11 20:01:04,11.05.2026 20:01:16,52.1863272,21.1296749,0.0,22.0,68.9877173467255,-1.0,5.0
146,7734,4,"52,1872796","21,1284634",2026-05-11 20:01:16,11.05.2026 20:01:26,52.1872796,21.1284634,40.29000257635737,22.0,70.76181695332554,-1.0,5.0
146,7734,4,"52,1884192","21,1270066",2026-05-11 20:01:33,11.05.2026 20:01:36,52.1884192,21.1270066,34.09352565145641,,229.85147589697812,-1.0,5.0
146,7734,4,"52,1884192","21,1270066",2026-05-11 20:01:33,11.05.2026 20:01:46,52.1884192,21.1270066,0.0,,229.85147589697812,-1.0,5.0
146,7734,4,"52,1899994","21,124996",2026-05-11 20:01:55,11.05.2026 20:01:56,52.1899994,21.124996,36.46540935193972,,194.29469955862538,-1.0,5.0
146,7734,4,"52,1899994","21,124996",2026-05-11 20:01:55,11.05.2026 20:02:06,52.1899994,21.124996,0.0,,194.29469955862538,-1.0,5.0
146,7734,4,"52,1908097","21,1240804",2026-05-11 20:02:05,11.05.2026 20:02:16,52.1908097,21.1240804,39.45851370879818,21.0,85.04064097314203,-1.0,5.0
146,7734,4,"52,1915657","21,1233609",2026-05-11 20:02:14,11.05.2026 20:02:26,52.1915657,21.1233609,38.92984598572391,21.0,21.86132882396578,-1.0,5.0
146,7734,4,"52,1923577","21,1227757",2026-05-11 20:02:25,11.05.2026 20:02:36,52.1923577,21.1227757,31.640499928788252,21.0,113.33366420663765,-1.0,5.0
146,7734,4,"52,1924634","21,1226959",2026-05-11 20:02:35,11.05.2026 20:02:46,52.1924634,21.1226959,4.662354284462256,,126.16507278192262,-1.0,5.0
146,7734,4,"52,1931855","21,1221619",2026-05-11 20:02:55,11.05.2026 20:02:57,52.1931855,21.1221619,15.868610310383431,,213.94418330612592,-1.0,5.0
146,7734,4,"52,1931855","21,1221619",2026-05-11 20:02:55,11.05.2026 20:03:07,52.1931855,21.1221619,0.0,,213.94418330612592,-1.0,5.0
146,7734,4,"52,1940401","21,1216551",2026-05-11 20:03:06,11.05.2026 20:03:16,52.1940401,21.1216551,33.090957275430725,,315.0543241751496,-1.0,5.0
146,7734,4,"52,194826","21,1211924",2026-05-11 20:03:16,11.05.2026 20:03:27,52.194826,21.1211924,33.44576542455565,,407.95784778600284,-1.0,5.0
146,7734,4,"52,1958317","21,1206015",2026-05-11 20:03:26,11.05.2026 20:03:37,52.1958317,21.1206015,42.789706098005034,,328.63513506792833,-1.0,5.0
146,7734,4,"52,1968199","21,1200201",2026-05-11 20:03:35,11.05.2026 20:03:47,52.1968199,21.1200201,46.72392075743007,,212.0704887802133,-1.0,5.0
146,7734,4,"52,1978482","21,1194115",2026-05-11 20:03:45,11.05.2026 20:03:57,52.1978482,21.1194115,43.787922543066976,20.0,91.31821456579898,-1.0,5.0
146,7734,4,"52,199596","21,1182585",2026-05-11 20:04:03,11.05.2026 20:04:07,52.199596,21.1182585,41.92643170429349,,120.06097897977865,-1.0,5.0
146,7734,4,"52,1998116","21,1180604",2026-05-11 20:04:15,11.05.2026 20:04:17,52.1998116,21.1180604,8.254158662871765,,146.92782369829075,-1.0,5.0
146,7734,4,"52,1998612","21,1180051",2026-05-11 20:04:25,11.05.2026 20:04:28,52.1998612,21.1180051,2.4047959549057776,,153.3540542056248,-1.0,5.0
146,7734,4,"52,2004614","21,1173822",2026-05-11 20:04:35,11.05.2026 20:04:37,52.2004614,21.1173822,28.47478807597351,,230.98033667405124,-1.0,5.0
146,7734,4,"52,2011266","21,1167296",2026-05-11 20:04:44,11.05.2026 20:04:47,52.2011266,21.1167296,34.52338246957473,,316.7440485290284,-1.0,5.0
146,7734,4,"52,2022034","21,1157359",2026-05-11 20:04:56,11.05.2026 20:04:57,52.2022034,21.1157359,41.26764840331163,,250.96473280792688,-1.0,5.0
146,7734,4,"52,2031567","21,1148589",2026-05-11 20:05:06,11.05.2026 20:05:07,52.2031567,21.1148589,43.80832484686444,,129.75150699729411,-1.0,5.0
146,7734,4,"52,2041","21,1139861",2026-05-11 20:05:15,11.05.2026 20:05:17,52.2041,21.1139861,48.232142181061135,19.0,17.66534641231187,-1.0,5.0
146,7734,4,"52,2048587","21,1132652",2026-05-11 20:05:24,11.05.2026 20:05:27,52.2048587,21.1132652,39.04986165413717,19.0,90.56302611296337,-1.0,5.0
146,7734,4,"52,2057719","21,1123174",2026-05-11 20:05:35,11.05.2026 20:05:39,52.2057719,21.1123174,39.38505140960309,,175.52096744321918,-1.0,5.0
146,7734,4,"52,2065952","21,1113881",2026-05-11 20:05:45,11.05.2026 20:05:47,52.2065952,21.1113881,40.07313809111395,18.0,65.70772774680455,-1.0,5.0
146,7734,4,"52,2073639","21,1104694",2026-05-11 20:05:55,11.05.2026 20:05:59,52.2073639,21.1104694,38.14135389820481,18.0,45.0306195257778,-1.0,5.0
146,7734,4,"52,2080425","21,109716",2026-05-11 20:06:05,11.05.2026 20:06:08,52.2080425,21.109716,32.855243845092005,,134.71966335296625,-1.0,5.0
146,7734,4,"52,2082549","21,1094617",2026-05-11 20:06:26,11.05.2026 20:06:27,52.2082549,21.1094617,5.02159096874225,,163.76962723238304,-1.0,5.0
146,7734,4,"52,2082609","21,1094542",2026-05-11 20:06:30,11.05.2026 20:06:39,52.2082609,21.1094542,0.7563660301138488,,164.60214957961713,-1.0,5.0
146,7734,4,"52,2088042","21,1087276",2026-05-11 20:06:46,11.05.2026 20:06:48,52.2088042,21.1087276,17.574299626122574,,241.94881785692664,-1.0,5.0
146,7734,4,"52,2096329","21,1077234",2026-05-11 20:06:56,11.05.2026 20:06:58,52.2096329,21.1077234,41.31850316658092,,222.12354696641327,-1.0,5.0
146,7734,4,"52,2096329","21,1077234",2026-05-11 20:06:56,11.05.2026 20:07:08,52.2096329,21.1077234,0.0,,222.12354696641327,-1.0,5.0
146,7734,4,"52,2105057","21,1066712",2026-05-11 20:07:07,11.05.2026 20:07:17,52.2105057,21.1066712,39.48872519335668,17.0,102.20611847076744,-1.0,5.0
146,7734,4,"52,2109367","21,1061572",2026-05-11 20:07:13,11.05.2026 20:07:27,52.2109367,21.1061572,35.61458860335173,17.0,44.821398479605094,-1.0,5.0
146,7734,4,"52,2116275","21,105369",2026-05-11 20:07:26,11.05.2026 20:07:36,52.2116275,21.105369,25.954673297011436,17.0,55.71069749680543,-1.0,5.0
146,7734,4,"52,2122239","21,1047037",2026-05-11 20:07:36,11.05.2026 20:07:47,52.2122239,21.1047037,28.918239251873256,,134.36367987752908,-1.0,5.0
146,7734,4,"52,2124149","21,104474",2026-05-11 20:07:46,11.05.2026 20:07:56,52.2124149,21.104474,9.497394545148325,,160.44162227673553,-1.0,5.0
146,7734,4,"52,2132122","21,1034059",2026-05-11 20:08:05,11.05.2026 20:08:06,52.2132122,21.1034059,21.732266056283084,,128.78268523439738,-1.0,5.0
146,7734,4,"52,2141786","21,1022306",2026-05-11 20:08:16,11.05.2026 20:08:16,52.2141786,21.1022306,43.858600890342295,16.0,17.43594130187733,-1.0,5.0
146,7734,4,"52,2149887","21,1013234",2026-05-11 20:08:26,11.05.2026 20:08:32,52.2149887,21.1013234,39.328044931872235,16.0,117.23609113500783,-1.0,5.0
146,7734,4,"52,2157282","21,1004097",2026-05-11 20:08:34,11.05.2026 20:08:36,52.2157282,21.1004097,46.4100368913354,,219.44498892913938,-1.0,5.0
146,7734,4,"52,2164544","21,0993207",2026-05-11 20:08:45,11.05.2026 20:08:46,52.2164544,21.0993207,35.88795957435865,,203.3312768795515,-1.0,5.0
146,7734,4,"52,2167147","21,0989174",2026-05-11 20:08:55,11.05.2026 20:08:56,52.2167147,21.0989174,14.366935909872,,164.1574078751566,-1.0,5.0
146,7734,4,"52,2167147","21,0989174",2026-05-11 20:08:55,11.05.2026 20:09:06,52.2167147,21.0989174,0.0,,164.1574078751566,-1.0,5.0
146,7734,4,"52,2168982","21,0986175",2026-05-11 20:09:02,11.05.2026 20:09:16,52.2168982,21.0986175,14.849986377963988,,135.8946396532816,-1.0,5.0
146,7734,4,"52,2175125","21,0975334",2026-05-11 20:09:15,11.05.2026 20:09:26,52.2175125,21.0975334,27.858564256871404,15.0,41.604663801621626,-1.0,5.0
146,7734,4,"52,2175515","21,097433",2026-05-11 20:09:25,11.05.2026 20:09:36,52.2175515,21.097433,2.9155258453782276,15.0,34.61516947014613,-1.0,5.0
146,7734,4,"52,2176467","21,0971156",2026-05-11 20:09:36,11.05.2026 20:09:46,52.2176467,21.0971156,7.87911538516322,15.0,17.218711880098216,-1.0,5.0
146,7734,4,"52,2179829","21,0964306",2026-05-11 20:09:43,11.05.2026 20:09:56,52.2179829,21.0964306,30.750731446329066,15.0,59.205935749147734,-1.0,5.0
146,7734,4,"52,2188852","21,0942916",2026-05-11 20:09:56,11.05.2026 20:10:06,52.2188852,21.0942916,48.99252630518539,,233.22037352506007,-1.0,5.0
146,7734,4,"52,2193154","21,0927442",2026-05-11 20:10:06,11.05.2026 20:10:16,52.2193154,21.0927442,41.67341017422389,,314.8891690105382,-1.0,5.0
146,7734,4,"52,2199149","21,0899927",2026-05-11 20:10:23,11.05.2026 20:10:27,52.2199149,21.0899927,42.12824282204636,14.0,117.63486222368374,-1.0,5.0
146,7734,4,"52,2199149","21,0899927",2026-05-11 20:10:23,11.05.2026 20:10:36,52.2199149,21.0899927,0.0,14.0,117.63486222368374,-1.0,5.0
146,7734,4,"52,2200389","21,0894275",2026-05-11 20:10:35,11.05.2026 20:10:46,52.2200389,21.0894275,12.269007252177428,14.0,78.17906529598956,-1.0,5.0
146,7734,4,"52,2200482","21,0894147",2026-05-11 20:10:46,11.05.2026 20:10:56,52.2200482,21.0894147,0.44268923646048064,14.0,77.29761857649589,-1.0,5.0
146,7734,4,"52,2200472","21,0894087",2026-05-11 20:11:04,11.05.2026 20:11:06,52.2200472,21.0894087,0.08471676498432737,14.0,76.88926223985352,-1.0,5.0
146,7734,4,"52,2200424","21,0894087",2026-05-11 20:11:15,11.05.2026 20:11:16,52.2200424,21.0894087,0.1746771213103081,14.0,76.89328002622324,-1.0,5.0
146,7734,4,"52,220034","21,089411",2026-05-11 20:11:25,11.05.2026 20:11:26,52.220034,21.089411,0.3409514043791837,14.0,77.06586139277684,-1.0,5.0
146,7734,4,"52,2200397","21,0893944",2026-05-11 20:11:34,11.05.2026 20:11:36,52.2200397,21.0893944,0.5185303118991786,14.0,75.9231411967758,-1.0,5.0
146,7734,4,"52,2203177","21,0882974",2026-05-11 20:11:46,11.05.2026 20:11:46,52.2203177,21.0882974,24.261045779099486,14.0,29.79047184803006,-1.0,5.0
146,7734,4,"52,2204092","21,0878995",2026-05-11 20:11:56,11.05.2026 20:11:58,52.2204092,21.0878995,10.422700969179843,14.0,47.61461871205247,-1.0,5.0
146,7734,4,"52,2204131","21,0879001",2026-05-11 20:12:05,11.05.2026 20:12:06,52.2204131,21.0879001,0.17423282985467617,14.0,47.956903310516175,-1.0,5.0
146,7734,4,"52,2204576","21,0875235",2026-05-11 20:12:12,11.05.2026 20:12:16,52.2204576,21.0875235,13.436814954816214,14.0,68.62865009689457,-1.0,5.0
146,7734,4,"52,2207994","21,0855236",2026-05-11 20:12:25,11.05.2026 20:12:26,52.2207994,21.0855236,39.16699971614331,,176.36945267743698,-1.0,5.0
146,7734,4,"52,2211052","21,0835627",2026-05-11 20:12:35,11.05.2026 20:12:37,52.2211052,21.0835627,49.62117312008773,13.0,44.540115020460554,-1.0,5.0
146,7734,4,"52,2213609","21,0816569",2026-05-11 20:12:45,11.05.2026 20:12:46,52.2213609,21.0816569,47.84377362081108,13.0,98.31319967296905,-1.0,5.0
146,7734,4,"52,2214881","21,0801541",2026-05-11 20:12:53,11.05.2026 20:12:58,52.2214881,21.0801541,46.503975552902894,,199.00968994758736,-1.0,5.0
146,7734,4,"52,2214881","21,0801541",2026-05-11 20:12:53,11.05.2026 20:13:06,52.2214881,21.0801541,0.0,,199.00968994758736,-1.0,5.0
146,7734,4,"52,2215721","21,0774281",2026-05-11 20:13:06,11.05.2026 20:13:17,52.2215721,21.0774281,51.48762173285744,,353.53613769647177,-1.0,5.0
146,7734,4,"52,2215959","21,0753201",2026-05-11 20:13:16,11.05.2026 20:13:26,52.2215959,21.0753201,51.70296442788233,,210.4419414137706,-1.0,5.0
146,7734,4,"52,2216187","21,0732421",2026-05-11 20:13:26,11.05.2026 20:13:36,52.2216187,21.0732421,50.96664609342509,12.0,71.45533734735858,-1.0,5.0
146,7734,4,"52,2216364","21,0722519",2026-05-11 20:13:33,11.05.2026 20:13:47,52.2216364,21.0722519,34.70406522033152,12.0,23.95743193051706,-1.0,5.0
146,7734,4,"52,2216589","21,0715321",2026-05-11 20:13:55,11.05.2026 20:13:58,52.2216589,21.0715321,8.033860091333711,12.0,55.23987496842362,-1.0,5.0
146,7734,4,"52,2216589","21,0715321",2026-05-11 20:13:55,11.05.2026 20:14:06,52.2216589,21.0715321,0.0,12.0,55.23987496842362,-1.0,5.0
146,7734,4,"52,2216597","21,0715054",2026-05-11 20:14:06,11.05.2026 20:14:16,52.2216597,21.0715054,0.59594717600891,12.0,56.88467151381101,-1.0,5.0
146,7734,4,"52,2216715","21,070625",2026-05-11 20:14:15,11.05.2026 20:14:26,52.2216715,21.070625,23.994501847358126,12.0,113.74800759275932,-1.0,5.0
146,7734,4,"52,2217064","21,0685509",2026-05-11 20:14:26,11.05.2026 20:14:36,52.2217064,21.0685509,46.25629428532184,,253.5643337287391,-1.0,5.0
146,7734,4,"52,2218586","21,0665034",2026-05-11 20:14:36,11.05.2026 20:14:46,52.2218586,21.0665034,50.578619745833194,,176.29229731352618,-1.0,5.0
146,7734,4,"52,2225267","21,0626642",2026-05-11 20:14:56,11.05.2026 20:14:57,52.2225267,21.0626642,48.935883716804376,11.0,103.19154546886158,-1.0,5.0
146,7734,4,"52,2229415","21,0611041",2026-05-11 20:15:06,11.05.2026 20:15:07,52.2229415,21.0611041,41.705122584969494,,218.20854041398306,-1.0,5.0
146,7734,4,"52,223147","21,0604937",2026-05-11 20:15:16,11.05.2026 20:15:16,52.223147,21.0604937,17.079789381273354,,265.65011032300555,-1.0,5.0
146,7734,4,"52,223211","21,0603164",2026-05-11 20:15:22,11.05.2026 20:15:26,52.223211,21.0603164,8.410706155416124,,279.6578948011454,-1.0,5.0
146,7734,4,"52,2232434","21,0602299",2026-05-11 20:15:35,11.05.2026 20:15:36,52.2232434,21.0602299,1.9124975307039016,,286.5545853841133,-1.0,5.0
146,7734,4,"52,2233104","21,0600431",2026-05-11 20:15:45,11.05.2026 20:15:47,52.2233104,21.0600431,5.3081079475001935,,301.2917602097473,-1.0,5.0
146,7734,4,"52,2238004","21,0599342",2026-05-11 20:15:55,11.05.2026 20:15:57,52.2238004,21.0599342,19.795730345818118,,308.12105467101384,-1.0,5.0
146,7734,4,"52,2246767","21,0598166",2026-05-11 20:16:03,11.05.2026 20:16:07,52.2246767,21.0598166,43.995966577194274,,210.64313414176448,-1.0,5.0
146,7734,4,"52,2258667","21,0596707",2026-05-11 20:16:16,11.05.2026 20:16:17,52.2258667,21.0596707,36.74620079151885,10.0,79.73442727801333,-1.0,5.0
146,7734,4,"52,2261672","21,0597502",2026-05-11 20:16:26,11.05.2026 20:16:27,52.2261672,21.0597502,12.18599649407525,10.0,52.68472770716477,-1.0,5.0
146,7734,4,"52,2265997","21,059392",2026-05-11 20:16:36,11.05.2026 20:16:37,52.2265997,21.059392,19.41353204239157,10.0,10.125083263826522,-1.0,5.0
146,7734,4,"52,2266734","21,0593337",2026-05-11 20:16:44,11.05.2026 20:16:47,52.2266734,21.0593337,4.097893482544737,10.0,15.112778886972968,-1.0,5.0
146,7734,4,"52,2268674","21,0591397",2026-05-11 20:16:56,11.05.2026 20:16:57,52.2268674,21.0591397,7.5891177823590725,10.0,37.37179157060287,-1.0,5.0
146,7734,4,"52,2268674","21,0591397",2026-05-11 20:16:56,11.05.2026 20:17:07,52.2268674,21.0591397,0.0,10.0,37.37179157060287,-1.0,5.0
146,7734,4,"52,2273949","21,0587715",2026-05-11 20:17:06,11.05.2026 20:17:17,52.2273949,21.0587715,22.964975995640884,10.0,100.89450194829666,-1.0,5.0
146,7734,4,"52,2278364","21,0584442",2026-05-11 20:17:15,11.05.2026 20:17:27,52.2278364,21.0584442,21.566743882351872,9.0,103.36168784989945,-1.0,5.0
146,7734,4,"52,2286301","21,0578901",2026-05-11 20:17:24,11.05.2026 20:17:37,52.2286301,21.0578901,38.39428865430279,9.0,9.0041029093112,-1.0,5.0
146,7734,4,"52,2294334","21,05737",2026-05-11 20:17:36,11.05.2026 20:17:47,52.2294334,21.05737,28.827097908282507,9.0,89.17072550711433,-1.0,5.0
146,7734,4,"52,2303776","21,0566799",2026-05-11 20:17:56,11.05.2026 20:17:58,52.2303776,21.0566799,20.705451309481113,8.0,99.20781505087312,-1.0,5.0
146,7734,4,"52,2310207","21,056247",2026-05-11 20:18:05,11.05.2026 20:18:07,52.2310207,21.056247,30.939505265631528,8.0,22.51192692060933,-1.0,5.0
146,7734,4,"52,2314256","21,0560145",2026-05-11 20:18:15,11.05.2026 20:18:17,52.2314256,21.0560145,17.18138630523399,8.0,27.37836237440216,-1.0,5.0
146,7734,4,"52,2314276","21,0559999",2026-05-11 20:18:25,11.05.2026 20:18:27,52.2314276,21.0559999,0.3667983028903771,8.0,27.687893470947582,-1.0,5.0
146,7734,4,"52,2314144","21,055963",2026-05-11 20:18:32,11.05.2026 20:18:37,52.2314144,21.055963,1.4967135590426754,8.0,26.627451104806727,-1.0,5.0
146,7734,4,"52,231821","21,0557249",2026-05-11 20:18:46,11.05.2026 20:18:47,52.231821,21.0557249,12.351034431810964,8.0,74.49551899066738,-1.0,5.0
146,7734,4,"52,232215","21,0554615",2026-05-11 20:18:55,11.05.2026 20:18:59,52.232215,21.0554615,18.936400565119275,,121.70987884976755,-1.0,5.0
146,7734,4,"52,2322485","21,055453",2026-05-11 20:19:05,11.05.2026 20:19:07,52.2322485,21.055453,1.3571065535792224,,125.42231617323306,-1.0,5.0
146,7734,4,"52,2323171","21,0553727",2026-05-11 20:19:13,11.05.2026 20:19:17,52.2323171,21.0553727,4.223580260615552,,134.42808561049455,-1.0,5.0
146,7734,4,"52,2330924","21,0548982",2026-05-11 20:19:25,11.05.2026 20:19:27,52.2330924,21.0548982,27.620023246896498,,172.9171656374926,-1.0,5.0
146,7734,4,"52,2339772","21,0543345",2026-05-11 20:19:35,11.05.2026 20:19:37,52.2339772,21.0543345,38.01935595192736,7.0,67.34932109398756,-1.0,5.0
146,7734,4,"52,2348315","21,0538012",2026-05-11 20:19:45,11.05.2026 20:19:47,52.2348315,21.0538012,36.61180640868172,7.0,34.616269123750826,-1.0,5.0
146,7734,4,"52,2353066","21,0535314",2026-05-11 20:19:54,11.05.2026 20:19:57,52.2353066,21.0535314,22.372974571012293,7.0,90.49575765255089,-1.0,5.0
146,7734,4,"52,2353454","21,053516",2026-05-11 20:20:06,11.05.2026 20:20:07,52.2353454,21.053516,1.3319972790746943,7.0,94.92557471991087,-1.0,5.0
146,7734,4,"52,2358169","21,053198",2026-05-11 20:20:16,11.05.2026 20:20:17,52.2358169,21.053198,20.420849790871685,,151.51538386691374,-1.0,5.0
146,7734,4,"52,2361687","21,0530056",2026-05-11 20:20:26,11.05.2026 20:20:27,52.2361687,21.0530056,14.851498059216945,,192.76638328246275,-1.0,5.0
146,7734,4,"52,2367867","21,0526416",2026-05-11 20:20:34,11.05.2026 20:20:37,52.2367867,21.0526416,32.87348916748467,,177.93779924720573,-1.0,5.0
146,7734,4,"52,2374259","21,0522799",2026-05-11 20:20:45,11.05.2026 20:20:47,52.2374259,21.0522799,24.618237258362118,,125.58121603537481,-1.0,5.0
146,7734,4,"52,2379332","21,0522121",2026-05-11 20:20:55,11.05.2026 20:20:57,52.2379332,21.0522121,20.375208485929832,,120.40098717043554,-1.0,5.0
146,7734,4,"52,2379332","21,0522121",2026-05-11 20:20:55,11.05.2026 20:21:07,52.2379332,21.0522121,0.0,,120.40098717043554,-1.0,5.0
146,7734,4,"52,238473","21,0517727",2026-05-11 20:21:06,11.05.2026 20:21:17,52.238473,21.0517727,21.949213379379355,,123.18767258650753,-1.0,5.0
146,7734,4,"52,2384334","21,0514625",2026-05-11 20:21:15,11.05.2026 20:21:27,52.2384334,21.0514625,8.630636761413525,6.0,105.74176384838542,-1.0,5.0
146,7734,4,"52,238124","21,0504642",2026-05-11 20:21:26,11.05.2026 20:21:37,52.238124,21.0504642,24.934188271125734,6.0,47.95240737879298,-1.0,5.0
146,7734,4,"52,2379755","21,0499887",2026-05-11 20:21:36,11.05.2026 20:21:47,52.2379755,21.0499887,13.084573792102361,6.0,46.28939655869835,-1.0,5.0
146,7734,4,"52,2379769","21,0499784",2026-05-11 20:21:46,11.05.2026 20:21:57,52.2379769,21.0499784,0.25863689454689426,6.0,46.911584866183055,-1.0,5.0
146,7734,4,"52,2374487","21,0479002",2026-05-11 20:22:06,11.05.2026 20:22:07,52.2374487,21.0479002,27.57919619985135,,178.29656387620423,-1.0,5.0
146,7734,4,"52,2374949","21,0467147",2026-05-11 20:22:16,11.05.2026 20:22:17,52.2374949,21.0467147,29.12023272016343,,257.88343981439755,-1.0,5.0
146,7734,4,"52,2373624","21,0453594",2026-05-11 20:22:23,11.05.2026 20:22:27,52.2373624,21.0453594,48.0638313642595,,351.15938980544536,-1.0,5.0
146,7734,4,"52,237224","21,0441687",2026-05-11 20:22:35,11.05.2026 20:22:37,52.237224,21.0441687,24.758464681201744,,330.4217740146001,-1.0,5.0
146,7734,4,"52,2378302","21,0435869",2026-05-11 20:22:45,11.05.2026 20:22:47,52.2378302,21.0435869,28.1472098037942,,252.37054663505285,-1.0,5.0
146,7734,4,"52,2388464","21,0426236",2026-05-11 20:22:55,11.05.2026 20:22:58,52.2388464,21.0426236,47.035864070568365,,122.43054240435214,-1.0,5.0
146,7734,4,"52,2398187","21,0416866",2026-05-11 20:23:04,11.05.2026 20:23:07,52.2398187,21.0416866,50.21476436469293,5.0,18.021065210439936,-1.0,5.0
146,7734,4,"52,2408556","21,040656",2026-05-11 20:23:16,11.05.2026 20:23:17,52.2408556,21.040656,40.49222346927998,,140.1992799936315,-1.0,5.0
146,7734,4,"52,2413939","21,0412385",2026-05-11 20:23:25,11.05.2026 20:23:27,52.2413939,21.0412385,28.72165263775788,,188.62651148902054,-1.0,5.0
146,7734,4,"52,2424124","21,0423742",2026-05-11 20:23:36,11.05.2026 20:23:37,52.2424124,21.0423742,44.8799992212387,,248.9156332578745,-1.0,5.0
146,7734,4,"52,2432054","21,0428546",2026-05-11 20:23:45,11.05.2026 20:23:47,52.2432054,21.0428546,37.61945743761093,,286.94079441312914,-1.0,5.0
146,7734,4,"52,2439615","21,0430802",2026-05-11 20:23:56,11.05.2026 20:23:57,52.2439615,21.0430802,27.970715150349452,,329.59196352976244,-1.0,5.0
146,7734,4,"52,2440422","21,043035",2026-05-11 20:24:06,11.05.2026 20:24:07,52.2440422,21.043035,3.4151272614477093,,330.9360780838595,-1.0,5.0
146,7734,4,"52,2443146","21,04274",2026-05-11 20:24:15,11.05.2026 20:24:17,52.2443146,21.04274,14.53743680941979,,307.0601043799234,-1.0,5.0
146,7734,4,"52,2448604","21,0431697",2026-05-11 20:24:25,11.05.2026 20:24:27,52.2448604,21.0431697,24.254461174553843,,245.40226135215605,-1.0,5.0
146,7734,4,"52,2458084","21,0432891",2026-05-11 20:24:36,11.05.2026 20:24:37,52.2458084,21.0432891,34.60116052597831,,140.51006296156908,-1.0,5.0
146,7734,4,"52,246027","21,0433127",2026-05-11 20:24:46,11.05.2026 20:24:47,52.246027,21.0433127,8.769692228082015,3.0,116.50403291305989,-1.0,5.0
146,7734,4,"52,2460201","21,0433121",2026-05-11 20:24:56,11.05.2026 20:24:58,52.2460201,21.0433121,0.27659939170564135,3.0,117.26072414150862,-1.0,5.0
146,7734,4,"52,2464065","21,0433359",2026-05-11 20:25:05,11.05.2026 20:25:07,52.2464065,21.0433359,17.198504810309373,3.0,75.1077170899631,-1.0,5.0
146,7734,4,"52,2471447","21,0433785",2026-05-11 20:25:15,11.05.2026 20:25:17,52.2471447,21.0433785,29.568713319211327,3.0,20.52670974536655,-1.0,5.0
146,7734,4,"52,2474744","21,043398",2026-05-11 20:25:26,11.05.2026 20:25:27,52.2474744,21.043398,12.005998632706483,3.0,49.49807941061251,-1.0,5.0
146,7734,4,"52,247515","21,043405",2026-05-11 20:25:33,11.05.2026 20:25:37,52.247515,21.043405,2.3346499249089128,3.0,53.839593650854326,-1.0,5.0
146,7734,4,"52,2481324","21,0436192",2026-05-11 20:25:46,11.05.2026 20:25:47,52.2481324,21.0436192,19.435406015970038,,123.53092075558594,-1.0,5.0
146,7734,4,"52,2486169","21,0439437",2026-05-11 20:25:55,11.05.2026 20:25:58,52.2486169,21.0439437,23.29094904612832,,181.55321277412793,-1.0,5.0
146,7734,4,"52,2486269","21,04396",2026-05-11 20:26:05,11.05.2026 20:26:07,52.2486269,21.04396,0.5655308095338296,,182.95908225956424,-1.0,5.0
146,7734,4,"52,2486687","21,0443614",2026-05-11 20:26:14,11.05.2026 20:26:17,52.2486687,21.0443614,11.087515321042607,,197.57535283693235,-1.0,5.0
146,7734,4,"52,2484972","21,0447106",2026-05-11 20:26:25,11.05.2026 20:26:27,52.2484972,21.0447106,9.974056609048516,,192.97400095715867,-1.0,5.0
146,7734,4,"52,2483987","21,0450745",2026-05-11 20:26:35,11.05.2026 20:26:37,52.2483987,21.0450745,9.751211097943486,,199.7623999127298,-1.0,5.0
146,7734,4,"52,2483862","21,0450707",2026-05-11 20:26:46,11.05.2026 20:26:47,52.2483862,21.0450707,0.46270014261463216,,198.55983413366283,-1.0,5.0
146,7734,4,"52,2483315","21,0451822",2026-05-11 20:26:55,11.05.2026 20:26:57,52.2483315,21.0451822,3.890784396926555,,199.41882790634378,-1.0,5.0
146,7734,4,"52,2481315","21,0458332",2026-05-11 20:27:06,11.05.2026 20:27:07,52.2481315,21.0458332,16.228029701760544,,190.35739809964383,-1.0,5.0
146,7734,4,"52,2478087","21,0468362",2026-05-11 20:27:16,11.05.2026 20:27:17,52.2478087,21.0468362,27.7711497441644,2.0,116.3192307842602,-1.0,5.0
146,7734,4,"52,247434","21,0480067",2026-05-11 20:27:26,11.05.2026 20:27:27,52.247434,21.0480067,32.37179489431932,2.0,45.48602074910646,-1.0,5.0
146,7734,4,"52,2473824","21,0485005",2026-05-11 20:27:35,11.05.2026 20:27:37,52.2473824,21.0485005,13.641497589981524,2.0,33.83120893756627,-1.0,5.0
146,7734,4,"52,2473747","21,0485299",2026-05-11 20:27:45,11.05.2026 20:27:47,52.2473747,21.0485299,0.7837117339143124,2.0,34.61562402565768,-1.0,5.0
146,7734,4,"52,2473989","21,0494942",2026-05-11 20:27:55,11.05.2026 20:27:57,52.2473989,21.0494942,23.653495793420827,2.0,72.80965110040837,-1.0,5.0
146,7734,4,"52,247353","21,0505942",2026-05-11 20:28:05,11.05.2026 20:28:07,52.247353,21.0505942,27.022014558759707,1.0,41.398937288307415,-1.0,5.0
146,7734,4,"52,2473435","21,0507735",2026-05-11 20:28:16,11.05.2026 20:28:17,52.2473435,21.0507735,4.00983751851062,1.0,30.68122689201959,-1.0,5.0
146,7734,4,"52,2473344","21,0507821",2026-05-11 20:28:26,11.05.2026 20:28:27,52.2473344,21.0507821,0.4208583546863366,1.0,30.685530637640326,-1.0,5.0
146,7734,4,"52,2473347","21,0507821",2026-05-11 20:28:36,11.05.2026 20:28:37,52.2473347,21.0507821,0.012009052074168913,1.0,30.668185299459925,-1.0,5.0
146,7734,4,"52,2473347","21,0507782",2026-05-11 20:28:44,11.05.2026 20:28:47,52.2473347,21.0507782,0.11947960211975052,1.0,30.89535244788347,-1.0,5.0
146,7734,4,"52,2473422","21,050773",2026-05-11 20:28:56,11.05.2026 20:28:57,52.2473422,21.050773,0.27179704744233274,1.0,30.781607431247693,-1.0,5.0
146,7734,4,"52,2473439","21,0508524",2026-05-11 20:29:06,11.05.2026 20:29:07,52.2473439,21.0508524,1.9471748756674048,1.0,26.097254997443105,-1.0,5.0
146,7734,4,"52,2473032","21,0518487",2026-05-11 20:29:15,11.05.2026 20:29:17,52.2473032,21.0518487,27.191392521970318,1.0,50.315589722825855,-1.0,5.0
146,7734,4,"52,2476827","21,0521669",2026-05-11 20:29:24,11.05.2026 20:29:27,52.2476827,21.0521669,18.97362229577265,1.0,71.77699332217036,-1.0,5.0
146,7734,4,"52,2487242","21,0523097",2026-05-11 20:29:35,11.05.2026 20:29:37,52.2487242,21.0523097,38.03460079946014,,158.91421972957903,-1.0,5.0
146,7734,4,"52,2496187","21,0524752",2026-05-11 20:29:45,11.05.2026 20:29:47,52.2496187,21.0524752,36.035978981881435,0.0,75.35720695674837,-1.0,5.0
146,7734,4,"52,250052","21,053272",2026-05-11 20:29:55,11.05.2026 20:29:58,52.250052,21.053272,26.11838812743696,0.0,62.98589982254343,-1.0,5.0
146,7734,4,"52,2504905","21,0534402",2026-05-11 20:30:05,11.05.2026 20:30:07,52.2504905,21.0534402,18.03073665925433,0.0,71.6354432692532,-1.0,5.0
146,7734,4,"52,2503344","21,05306",2026-05-11 20:30:16,11.05.2026 20:30:17,52.2503344,21.05306,10.19896591493038,0.0,42.62511029671705,-1.0,5.0
146,7734,4,"52,2501599","21,0525254",2026-05-11 20:30:26,11.05.2026 20:30:27,52.2501599,21.0525254,14.84729280507773,0.0,16.286225246073105,-1.0,5.0
146,7734,4,"52,2501497","21,0525169",2026-05-11 20:30:36,11.05.2026 20:30:37,52.2501497,21.0525169,0.458375786008269,0.0,17.153040800422506,-1.0,5.0
146,7734,4,"52,2501436","21,0525247",2026-05-11 20:30:46,11.05.2026 20:30:47,52.2501436,21.0525247,0.3101067287920845,0.0,17.96701643559017,-1.0,5.0
146,7734,4,"52,2501399","21,052531",2026-05-11 20:30:55,11.05.2026 20:30:57,52.2501399,21.052531,0.23772263987915954,0.0,18.49950719757441,-1.0,5.0
146,7734,4,"52,2501444","21,0525329",2026-05-11 20:31:05,11.05.2026 20:31:07,52.2501444,21.0525329,0.1860565926486977,0.0,18.077156626651295,-1.0,5.0
146,7734,4,"52,2501459","21,0525374",2026-05-11 20:31:13,11.05.2026 20:31:17,52.2501459,21.0525374,0.15696101085517974,0.0,18.0355693158852,-1.0,5.0
146,7734,4,"52,2501559","21,0525502",2026-05-11 20:31:26,11.05.2026 20:31:27,52.2501559,21.0525502,0.3912075770804528,0.0,17.380185466549793,-1.0,5.0
146,7734,4,"52,2501609","21,0525529",2026-05-11 20:31:32,11.05.2026 20:31:37,52.2501609,21.0525529,0.3513415578994294,0.0,16.968327456680846,-1.0,5.0
146,7734,4,"52,2501609","21,0525529",2026-05-11 20:31:32,11.05.2026 20:31:47,52.2501609,21.0525529,0.0,0.0,16.968327456680846,-1.0,5.0
146,7734,4,"52,2501609","21,0525529",2026-05-11 20:31:54,11.05.2026 20:31:57,52.2501609,21.0525529,0.0,0.0,16.968327456680846,-1.0,5.0
146,7734,4,"52,2501609","21,0525529",2026-05-11 20:32:06,11.05.2026 20:32:07,52.2501609,21.0525529,0.0,0.0,16.968327456680846,-1.0,5.0
146,7734,4,"52,2501609","21,0525529",2026-05-11 20:32:16,11.05.2026 20:32:17,52.2501609,21.0525529,0.0,0.0,16.968327456680846,-1.0,5.0
146,7734,4,"52,2501436","21,0525122",2026-05-11 20:32:22,11.05.2026 20:32:27,52.2501436,21.0525122,2.0237956574715867,0.0,17.702464393587523,-1.0,5.0
146,7734,4,"52,2501441","21,0525121",2026-05-11 20:32:33,11.05.2026 20:32:37,52.2501441,21.0525121,0.018331422561464007,0.0,17.64727636000155,-1.0,5.0
146,7734,4,"52,2501437","21,0525121",2026-05-11 20:32:43,11.05.2026 20:32:47,52.2501437,21.0525121,0.016012069347346447,0.0,17.689851684018173,-1.0,5.0
146,7734,4,"52,2501435","21,052512",2026-05-11 20:32:53,11.05.2026 20:32:59,52.2501435,21.052512,0.008372727473638472,0.0,17.709179018269293,-1.0,5.0
146,7734,4,"52,2501435","21,052512",2026-05-11 20:33:03,11.05.2026 20:33:07,52.2501435,21.052512,0.0,0.0,17.709179018269293,-1.0,5.0
146,7734,4,"52,2501436","21,0525117",2026-05-11 20:33:13,11.05.2026 20:33:17,52.2501436,21.0525117,0.00837125410457008,0.0,17.69265131880241,-1.0,5.0
146,7734,4,"52,2501439","21,0525115",2026-05-11 20:33:24,11.05.2026 20:33:27,52.2501439,21.0525115,0.011791621175879351,0.0,17.65678751825284,-1.0,5.0
146,7734,4,"52,2501436","21,0525113",2026-05-11 20:33:34,11.05.2026 20:33:37,52.2501436,21.0525113,0.012970783322921672,0.0,17.68484410655659,-1.0,5.0
146,7734,4,"52,2501435","21,0525114",2026-05-11 20:33:45,11.05.2026 20:33:47,52.2501435,21.0525114,0.0042669321838040685,0.0,17.697446422147667,-1.0,5.0
146,7734,4,"52,2501432","21,0525115",2026-05-11 20:33:51,11.05.2026 20:33:57,52.2501432,21.0525115,0.020427603194425766,0.0,17.7313581243639,-1.0,5.0
146,7734,4,"52,2501426","21,0525117",2026-05-11 20:34:03,11.05.2026 20:34:07,52.2501426,21.0525117,0.020427602773898625,0.0,17.79918306574825,-1.0,5.0
146,7734,4,"52,2501424","21,052512",2026-05-11 20:34:13,11.05.2026 20:34:17,52.2501424,21.052512,0.010869698234545824,0.0,17.82633472003321,-1.0,5.0
146,7734,4,"52,2501422","21,052512",2026-05-11 20:34:18,11.05.2026 20:34:27,52.2501422,21.052512,0.01601206960198276,0.0,17.847643193431786,-1.0,5.0
146,7734,4,"52,2501416","21,0525119",2026-05-11 20:34:36,11.05.2026 20:34:37,52.2501416,21.0525119,0.013412672507075136,0.0,17.909642917885368,-1.0,5.0
146,7734,4,"52,2501412","21,0525119",2026-05-11 20:34:42,11.05.2026 20:34:47,52.2501412,21.0525119,0.026686782245577412,0.0,17.95228474998429,-1.0,5.0
146,7734,4,"52,2501413","21,0525121",2026-05-11 20:34:53,11.05.2026 20:34:58,52.2501413,21.0525121,0.005753047365370832,0.0,17.945497454312832,-1.0,5.0
146,7734,4,"52,2501415","21,052512",2026-05-11 20:35:04,11.05.2026 20:35:07,52.2501415,21.052512,0.007611570241570108,0.0,17.922240654365808,-1.0,5.0
146,7734,4,"52,2501415","21,0525124",2026-05-11 20:35:16,11.05.2026 20:35:17,52.2501415,21.0525124,0.008169028628662287,0.0,17.93001686741781,-1.0,5.0
146,7734,4,"52,2501417","21,0525129",2026-05-11 20:35:22,11.05.2026 20:35:27,52.2501417,21.0525129,0.02439523551962561,0.0,17.918495018713735,-1.0,5.0
146,7734,4,"52,2501414","21,0525126",2026-05-11 20:35:34,11.05.2026 20:35:37,52.2501414,21.0525126,0.011734063977715254,0.0,17.944571304956284,-1.0,5.0
146,7734,4,"52,2501411","21,0525124",2026-05-11 20:35:40,11.05.2026 20:35:47,52.2501411,21.0525124,0.021617971936810643,0.0,17.972637878516736,-1.0,5.0
146,7734,4,"52,2501407","21,0525132",2026-05-11 20:35:57,11.05.2026 20:35:57,52.2501407,21.0525132,0.01489023991947535,0.0,18.030860067815738,-1.0,5.0
146,7734,4,"52,2501406","21,0525131",2026-05-11 20:36:02,11.05.2026 20:36:07,52.2501406,21.0525131,0.009387251406003475,0.0,18.03955362043292,-1.0,5.0
146,7734,4,"52,2501405","21,052513",2026-05-11 20:36:13,11.05.2026 20:36:17,52.2501405,21.052513,0.0042669322254708375,0.0,18.048252403264875,-1.0,5.0
146,7734,4,"52,2501403","21,0525128",2026-05-11 20:36:24,11.05.2026 20:36:27,52.2501403,21.0525128,0.008533864730232443,0.0,18.065665631743897,-1.0,5.0
146,7734,4,"52,2501404","21,0525126",2026-05-11 20:36:30,11.05.2026 20:36:37,52.2501404,21.0525126,0.010547253262468918,0.0,18.05112321711445,-1.0,5.0
146,7734,4,"52,2501404","21,0525126",2026-05-11 20:36:30,11.05.2026 20:36:47,52.2501404,21.0525126,0.0,0.0,18.05112321711445,-1.0,5.0
146,7734,4,"52,2501404","21,0525126",2026-05-11 20:36:30,11.05.2026 20:36:59,52.2501404,21.0525126,0.0,0.0,18.05112321711445,-1.0,5.0
146,7734,4,"52,2501404","21,0525126",2026-05-11 20:36:30,11.05.2026 20:37:07,52.2501404,21.0525126,0.0,0.0,18.05112321711445,-1.0,5.0
146,7734,4,"52,2501404","21,0525126",2026-05-11 20:36:30,11.05.2026 20:37:17,52.2501404,21.0525126,0.0,0.0,18.05112321711445,-1.0,5.0
146,7734,4,"52,2501404","21,0525126",2026-05-11 20:36:30,11.05.2026 20:37:27,52.2501404,21.0525126,0.0,0.0,18.05112321711445,-1.0,5.0
146,7734,4,"52,2501404","21,0525126",2026-05-11 20:36:30,11.05.2026 20:37:37,52.2501404,21.0525126,0.0,0.0,18.05112321711445,-1.0,5.0
146,7734,4,"52,2501404","21,0525126",2026-05-11 20:36:30,11.05.2026 20:37:47,52.2501404,21.0525126,0.0,0.0,18.05112321711445,-1.0,5.0
146,7734,4,"52,2501404","21,0525126",2026-05-11 20:36:30,11.05.2026 20:37:57,52.2501404,21.0525126,0.0,0.0,18.05112321711445,-1.0,5.0
146,7734,4,"52,250221","21,052531",2026-05-11 20:38:00,11.05.2026 20:38:07,52.250221,21.052531,0.36197676149051256,0.0,10.511763177424836,-1.0,5.0
146,7734,4,"52,250221","21,052531",2026-05-11 20:38:00,11.05.2026 20:38:17,52.250221,21.052531,0.0,0.0,10.511763177424836,-1.0,5.0
146,7734,4,"52,250221","21,052531",2026-05-11 20:38:20,11.05.2026 20:38:37,52.250221,21.052531,0.0,0.0,10.511763177424836,-1.0,5.0
146,7734,4,"52,250221","21,052531",2026-05-11 20:38:20,11.05.2026 20:38:27,52.250221,21.052531,0.0,0.0,10.511763177424836,-1.0,5.0
146,7734,4,"52,250219","21,052533",2026-05-11 20:38:40,11.05.2026 20:38:48,52.250219,21.052533,0.04693623260863704,0.0,10.771115029168472,-1.0,5.0
146,7734,4,"52,250219","21,052533",2026-05-11 20:38:40,11.05.2026 20:38:58,52.250219,21.052533,0.0,0.0,10.771115029168472,-1.0,5.0
146,7734,4,"52,250219","21,052533",2026-05-11 20:39:00,11.05.2026 20:39:07,52.250219,21.052533,0.0,0.0,10.771115029168472,-1.0,5.0
146,7734,4,"52,250219","21,052533",2026-05-11 20:39:00,11.05.2026 20:39:17,52.250219,21.052533,0.0,0.0,10.771115029168472,-1.0,5.0
146,7734,4,"52,250219","21,052533",2026-05-11 20:39:20,11.05.2026 20:39:27,52.250219,21.052533,0.0,0.0,10.771115029168472,-1.0,5.0
146,7734,4,"52,250219","21,052533",2026-05-11 20:39:20,11.05.2026 20:39:37,52.250219,21.052533,0.0,0.0,10.771115029168472,-1.0,5.0
146,7734,4,"52,2501571","21,0525174",2026-05-11 20:39:45,11.05.2026 20:39:48,52.2501571,21.0525174,1.0028750354651774,0.0,16.386079578192493,-1.0,5.0
146,7734,4,"52,250159","21,0525076",2026-05-11 20:39:56,11.05.2026 20:39:58,52.250159,21.0525076,0.22902241906224252,0.0,15.973865778137636,-1.0,5.0
146,7734,4,"52,2501534","21,0525042",2026-05-11 20:40:06,11.05.2026 20:40:08,52.2501534,21.0525042,0.23915398306825156,0.0,16.503112143388133,-1.0,5.0
146,7734,4,"52,2501461","21,0525027",2026-05-11 20:40:15,11.05.2026 20:40:17,52.2501461,21.0525027,0.3272482124136295,0.0,17.25774546113089,-1.0,5.0
146,7734,4,"52,2501392","21,0525054",2026-05-11 20:40:25,11.05.2026 20:40:28,52.2501392,21.0525054,0.284023453936036,0.0,18.04642407039272,-1.0,5.0
146,7734,4,"52,2501309","21,0525094",2026-05-11 20:40:35,11.05.2026 20:40:38,52.2501309,21.0525094,0.34641003757306643,0.0,19.00836703356734,-1.0,5.0
146,7734,4,"52,2501297","21,0525095",2026-05-11 20:40:42,11.05.2026 20:40:48,52.2501297,21.0525095,0.06871240393701737,0.0,19.139023154595787,-1.0,5.0
146,7734,4,"52,2501367","21,0525024",2026-05-11 20:40:55,11.05.2026 20:40:58,52.2501367,21.0525024,0.2537230983397677,0.0,18.264286007933837,-1.0,5.0
146,7734,4,"52,2501475","21,0524912",2026-05-11 20:41:06,11.05.2026 20:41:08,52.2501475,21.0524912,0.46554382994295107,0.0,16.919650317285686,-1.0,5.0
146,7734,4,"52,250152","21,0524859",2026-05-11 20:41:16,11.05.2026 20:41:18,52.250152,21.0524859,0.22208032410035122,0.0,16.354441686370496,-1.0,5.0
146,7734,4,"52,2501532","21,0524854",2026-05-11 20:41:23,11.05.2026 20:41:28,52.2501532,21.0524854,0.07082064940883293,0.0,16.216874119779202,-1.0,5.0
146,7734,4,"52,2501494","21,0524751",2026-05-11 20:41:36,11.05.2026 20:41:38,52.2501494,21.0524751,0.22670289774723063,0.0,16.506223939515728,-1.0,5.0
146,7734,4,"52,2501469","21,0524642",2026-05-11 20:41:45,11.05.2026 20:41:48,52.2501469,21.0524642,0.3169531472237736,0.0,16.682243457985965,-1.0,5.0
146,7734,4,"52,2501409","21,0524516",2026-05-11 20:41:55,11.05.2026 20:41:58,52.2501409,21.0524516,0.3912003868772668,0.0,17.274948247038434,-1.0,5.0
146,7734,4,"52,250127","21,0524527",2026-05-11 20:42:04,11.05.2026 20:42:08,52.250127,21.0524527,0.6189689615276798,0.0,18.822311136874127,-1.0,5.0
146,7734,4,"52,2501231","21,0524645",2026-05-11 20:42:16,11.05.2026 20:42:18,52.2501231,21.0524645,0.2738612191458846,0.0,19.316532697839367,-1.0,5.0
146,7734,4,"52,2501137","21,0524687",2026-05-11 20:42:26,11.05.2026 20:42:28,52.2501137,21.0524687,0.3901075726003904,0.0,20.385378165965516,-1.0,5.0
146,7734,4,"52,2500974","21,0524784",2026-05-11 20:42:36,11.05.2026 20:42:38,52.2500974,21.0524784,0.6944464521986511,0.0,22.262425000271794,-1.0,5.0
146,7734,4,"52,2501034","21,0524966",2026-05-11 20:42:45,11.05.2026 20:42:48,52.2501034,21.0524966,0.562873071217501,0.0,21.797079792354378,-1.0,5.0
146,7734,4,"52,2501157","21,0525164",2026-05-11 20:42:56,11.05.2026 20:42:59,52.2501157,21.0525164,0.6284493721250989,0.0,20.76429575864396,-1.0,5.0
146,7734,4,"52,2501257","21,052522",2026-05-11 20:43:06,11.05.2026 20:43:08,52.2501257,21.052522,0.42317399167198433,0.0,19.80083701612058,-1.0,5.0
146,7734,4,"52,2501217","21,0525165",2026-05-11 20:43:16,11.05.2026 20:43:18,52.2501217,21.0525165,0.20930054535637319,0.0,20.122706145833373,-1.0,5.0
146,7734,4,"52,2501157","21,0525179",2026-05-11 20:43:25,11.05.2026 20:43:28,52.2501157,21.0525179,0.26957695372213136,0.0,20.791110544394627,-1.0,5.0
146,7734,4,"52,2501159","21,0525119",2026-05-11 20:43:35,11.05.2026 20:43:38,52.2501159,21.0525119,0.14726039134515273,0.0,20.665115165132693,-1.0,5.0
146,7734,4,"52,2501201","21,052498",2026-05-11 20:43:45,11.05.2026 20:43:48,52.2501201,21.052498,0.37987908043314217,0.0,19.995143601414195,-1.0,5.0
146,7734,4,"52,2501204","21,0524906",2026-05-11 20:43:52,11.05.2026 20:43:59,52.2501204,21.0524906,0.259642432981293,0.0,19.863835062238504,-1.0,5.0
146,7734,4,"52,2501102","21,052486",2026-05-11 20:44:06,11.05.2026 20:44:08,52.2501102,21.052486,0.30256040753772906,0.0,20.92756776289996,-1.0,5.0
146,7734,4,"52,2501215","21,052466",2026-05-11 20:44:16,11.05.2026 20:44:18,52.2501215,21.052466,0.6669719074817678,0.0,19.503685936711506,-1.0,5.0
146,7734,4,"52,2501354","21,0524615",2026-05-11 20:44:26,11.05.2026 20:44:28,52.2501354,21.0524615,0.5672430384535333,0.0,17.93562017133873,-1.0,5.0
146,7734,4,"52,2501431","21,0524592",2026-05-11 20:44:34,11.05.2026 20:44:38,52.2501431,21.0524592,0.3916797426580079,0.0,17.068739801365645,-1.0,5.0
146,7734,4,"52,2501519","21,0524619",2026-05-11 20:44:46,11.05.2026 20:44:48,52.2501519,21.0524619,0.29868851601067276,0.0,16.112599006625306,-1.0,5.0
146,7734,4,"52,2501392","21,0524599",2026-05-11 20:44:56,11.05.2026 20:44:58,52.2501392,21.0524599,0.5107405127373436,0.0,17.50491838415387,-1.0,5.0
146,7734,4,"52,2500939","21,0523662",2026-05-11 20:45:05,11.05.2026 20:45:08,52.2500939,21.0523662,3.251089662204414,0.0,22.983531671729104,-1.0,5.0
146,7734,4,"52,2498221","21,052252",2026-05-11 20:45:14,11.05.2026 20:45:18,52.2498221,21.052252,12.482660356648163,0.0,54.17932698834367,-1.0,5.0
146,7734,4,"52,249097","21,0522306",2026-05-11 20:45:25,11.05.2026 20:45:28,52.249097,21.0522306,26.39146966903731,,134.06108246881234,-1.0,5.0
146,7734,4,"52,2482355","21,0520801",2026-05-11 20:45:36,11.05.2026 20:45:38,52.2482355,21.0520801,31.529710543485812,1.0,104.68486417462252,-1.0,5.0
146,7734,4,"52,2477415","21,0519894",2026-05-11 20:45:46,11.05.2026 20:45:48,52.2477415,21.0519894,19.899451864361513,1.0,63.19152217495127,-1.0,5.0
146,7734,4,"52,2477099","21,0519871",2026-05-11 20:45:55,11.05.2026 20:45:59,52.2477099,21.0519871,1.4068987106841755,1.0,61.49880368894909,-1.0,5.0
146,7734,4,"52,2477132","21,0519971",2026-05-11 20:46:05,11.05.2026 20:46:08,52.2477132,21.0519971,0.27841803503651036,1.0,62.27073404641506,-1.0,5.0
146,7734,4,"52,2477137","21,0520039",2026-05-11 20:46:15,11.05.2026 20:46:18,52.2477137,21.0520039,0.1678548801355536,1.0,62.71437919631366,-1.0,5.0
146,7734,4,"52,2477119","21,0520109",2026-05-11 20:46:22,11.05.2026 20:46:28,52.2477119,21.0520109,0.26582298778700264,1.0,63.064832004004536,-1.0,5.0
146,7734,4,"52,2477152","21,0520011",2026-05-11 20:46:36,11.05.2026 20:46:38,52.2477152,21.0520011,0.19579504512216953,1.0,62.611330539150885,-1.0,5.0
