line,vehicle_nr,brigade,lat_raw,lon_raw,vehicle_time,server_time,lat,lon,speed_kmh,nearest_stop_id,nearest_distance_m,direction,course_id,reconstructed_lat,reconstructed_lon,reconstructed_stop
146,1845,4,"52,247651","21,048548",2026-05-11 16:38:25,11.05.2026 16:38:36,52.247651,21.048548,1.7274396476600131,2.0,4.023568276036628,1.0,3.0,52.247686,21.048533,2.0
146,1845,4,"52,247651","21,048548",2026-05-11 16:38:25,11.05.2026 16:38:46,52.247651,21.048548,0.0,2.0,4.023568276036628,1.0,3.0,52.247686,21.048533,2.0
146,1845,4,"52,247745","21,048173",2026-05-11 16:38:45,11.05.2026 16:38:59,52.247745,21.048173,4.965562161525972,2.0,25.37130491865279,1.0,3.0,52.247686,21.048533,2.0
146,1845,4,"52,247745","21,048173",2026-05-11 16:38:45,11.05.2026 16:39:06,52.247745,21.048173,0.0,2.0,25.37130491865279,1.0,3.0,52.247686,21.048533,2.0
146,1845,4,"52,247763","21,048088",2026-05-11 16:39:05,11.05.2026 16:39:16,52.247763,21.048088,1.1021529651331698,2.0,31.481788362236745,1.0,3.0,52.247686,21.048533,2.0
146,1845,4,"52,247763","21,048088",2026-05-11 16:39:05,11.05.2026 16:39:26,52.247763,21.048088,0.0,2.0,31.481788362236745,1.0,3.0,52.247686,21.048533,2.0
146,1845,4,"52,248064","21,047058",2026-05-11 16:39:25,11.05.2026 16:39:36,52.248064,21.047058,13.985867981894238,2.0,108.85796605301094,1.0,3.0,52.247686,21.048533,2.0
146,1845,4,"52,248064","21,047058",2026-05-11 16:39:25,11.05.2026 16:39:46,52.248064,21.047058,0.0,2.0,108.85796605301094,1.0,3.0,52.247686,21.048533,2.0
146,1845,4,"52,248105","21,045895",2026-05-11 16:39:45,11.05.2026 16:40:06,52.248105,21.045895,14.275137678181796,,185.536581784023,1.0,3.0,52.247686,21.048533,2.0
146,1845,4,"52,248105","21,045895",2026-05-11 16:39:45,11.05.2026 16:40:16,52.248105,21.045895,0.0,,185.536581784023,1.0,3.0,52.247686,21.048533,2.0
146,1845,4,"52,248105","21,045895",2026-05-11 16:39:45,11.05.2026 16:39:56,52.248105,21.045895,0.0,,185.536581784023,1.0,3.0,52.247686,21.048533,2.0
146,1845,4,"52,247745","21,044613",2026-05-11 16:40:05,11.05.2026 16:40:26,52.247745,21.044613,17.28342847456831,,127.37162136706652,1.0,3.0,52.247067,21.043105,3.0
146,1845,4,"52,247745","21,044585",2026-05-11 16:40:25,11.05.2026 16:40:36,52.247745,21.044585,0.3431177355874279,,125.84022893781396,1.0,3.0,52.247067,21.043105,3.0
146,1845,4,"52,247745","21,044585",2026-05-11 16:40:25,11.05.2026 16:40:46,52.247745,21.044585,0.0,,125.84022893781396,1.0,3.0,52.247067,21.043105,3.0
146,1845,4,"52,247745","21,044585",2026-05-11 16:40:25,11.05.2026 16:40:56,52.247745,21.044585,0.0,,125.84022893781396,1.0,3.0,52.247067,21.043105,3.0
146,1845,4,"52,247745","21,044315",2026-05-11 16:40:45,11.05.2026 16:41:06,52.247745,21.044315,3.308635307882599,3.0,111.66691992077274,1.0,3.0,52.247067,21.043105,3.0
146,1845,4,"52,247186","21,043189",2026-05-11 16:41:05,11.05.2026 16:41:16,52.247186,21.043189,17.764422957657715,3.0,14.415084000768603,1.0,3.0,52.247067,21.043105,3.0
146,1845,4,"52,247186","21,043189",2026-05-11 16:41:05,11.05.2026 16:41:26,52.247186,21.043189,0.0,3.0,14.415084000768603,1.0,3.0,52.247067,21.043105,3.0
146,1845,4,"52,247186","21,043189",2026-05-11 16:41:05,11.05.2026 16:41:36,52.247186,21.043189,0.0,3.0,14.415084000768603,1.0,3.0,52.247067,21.043105,3.0
146,1845,4,"52,247053","21,043179",2026-05-11 16:41:25,11.05.2026 16:41:46,52.247053,21.043179,2.664825663426699,3.0,5.272951577520206,1.0,3.0,52.247067,21.043105,3.0
146,1845,4,"52,245551","21,043181",2026-05-11 16:41:45,11.05.2026 16:42:06,52.245551,21.043181,30.06267035852063,,168.65089848849234,1.0,3.0,52.247067,21.043105,3.0
146,1845,4,"52,245551","21,043181",2026-05-11 16:41:45,11.05.2026 16:42:16,52.245551,21.043181,0.0,,168.65089848849234,1.0,3.0,52.247067,21.043105,3.0
146,1845,4,"52,245551","21,043181",2026-05-11 16:41:45,11.05.2026 16:41:56,52.245551,21.043181,0.0,,168.65089848849234,1.0,3.0,52.247067,21.043105,3.0
146,1845,4,"52,243928","21,041941",2026-05-11 16:42:05,11.05.2026 16:42:26,52.243928,21.041941,35.86317936083135,,260.23651961458063,1.0,3.0,52.24265,21.038739,4.0
146,1845,4,"52,243783","21,039518",2026-05-11 16:42:25,11.05.2026 16:42:36,52.243783,21.039518,29.83602644601024,,136.69328664603955,1.0,3.0,52.24265,21.038739,4.0
146,1845,4,"52,243783","21,039518",2026-05-11 16:42:25,11.05.2026 16:42:46,52.243783,21.039518,0.0,,136.69328664603955,1.0,3.0,52.24265,21.038739,4.0
146,1845,4,"52,243768","21,039153",2026-05-11 16:42:45,11.05.2026 16:42:56,52.243768,21.039153,4.483248746599116,,127.47151867889418,1.0,3.0,52.24265,21.038739,4.0
146,1845,4,"52,243768","21,039153",2026-05-11 16:43:05,11.05.2026 16:43:06,52.243768,21.039153,0.0,,127.47151867889418,1.0,3.0,52.24265,21.038739,4.0
146,1845,4,"52,243768","21,039153",2026-05-11 16:43:05,11.05.2026 16:43:16,52.243768,21.039153,0.0,,127.47151867889418,1.0,3.0,52.24265,21.038739,4.0
146,1845,4,"52,243768","21,039153",2026-05-11 16:43:25,11.05.2026 16:43:26,52.243768,21.039153,0.0,,127.47151867889418,1.0,3.0,52.24265,21.038739,4.0
146,1845,4,"52,243768","21,039153",2026-05-11 16:43:25,11.05.2026 16:43:36,52.243768,21.039153,0.0,,127.47151867889418,1.0,3.0,52.24265,21.038739,4.0
146,1845,4,"52,243676","21,038768",2026-05-11 16:43:45,11.05.2026 16:44:06,52.243676,21.038768,5.064882328176015,4.0,114.10307978205768,1.0,3.0,52.24265,21.038739,4.0
146,1845,4,"52,243676","21,038768",2026-05-11 16:43:45,11.05.2026 16:43:58,52.243676,21.038768,0.0,4.0,114.10307978205768,1.0,3.0,52.24265,21.038739,4.0
146,1845,4,"52,243676","21,038768",2026-05-11 16:43:45,11.05.2026 16:43:46,52.243676,21.038768,0.0,4.0,114.10307978205768,1.0,3.0,52.24265,21.038739,4.0
146,1845,4,"52,242924","21,03874",2026-05-11 16:44:05,11.05.2026 16:44:26,52.242924,21.03874,15.055256484829814,4.0,30.467485979041918,1.0,3.0,52.24265,21.038739,4.0
146,1845,4,"52,242924","21,03874",2026-05-11 16:44:05,11.05.2026 16:44:36,52.242924,21.03874,0.0,4.0,30.467485979041918,1.0,3.0,52.24265,21.038739,4.0
146,1845,4,"52,241641","21,039446",2026-05-11 16:44:25,11.05.2026 16:44:46,52.241641,21.039446,27.097890757821716,,122.08654782382958,1.0,3.0,52.24265,21.038739,4.0
146,1845,4,"52,240556","21,040848",2026-05-11 16:44:45,11.05.2026 16:44:56,52.240556,21.040848,27.69214885415944,5.0,104.46576573773366,1.0,3.0,52.239705,21.041498,5.0
146,1845,4,"52,240556","21,040848",2026-05-11 16:44:45,11.05.2026 16:45:06,52.240556,21.040848,0.0,5.0,104.46576573773366,1.0,3.0,52.239705,21.041498,5.0
146,1845,4,"52,240556","21,040848",2026-05-11 16:44:45,11.05.2026 16:45:16,52.240556,21.040848,0.0,5.0,104.46576573773366,1.0,3.0,52.239705,21.041498,5.0
146,1845,4,"52,23982","21,041519",2026-05-11 16:45:05,11.05.2026 16:45:26,52.23982,21.041519,16.871251758753758,5.0,12.867116137954852,1.0,3.0,52.239705,21.041498,5.0
146,1845,4,"52,238731","21,042596",2026-05-11 16:45:25,11.05.2026 16:45:36,52.238731,21.042596,25.48199765250883,,131.60369786115592,1.0,3.0,52.239705,21.041498,5.0
146,1845,4,"52,238731","21,042596",2026-05-11 16:45:25,11.05.2026 16:45:46,52.238731,21.042596,0.0,,131.60369786115592,1.0,3.0,52.239705,21.041498,5.0
146,1845,4,"52,238731","21,042596",2026-05-11 16:45:25,11.05.2026 16:45:56,52.238731,21.042596,0.0,,131.60369786115592,1.0,3.0,52.239705,21.041498,5.0
146,1845,4,"52,235791","21,045476",2026-05-11 16:46:05,11.05.2026 16:46:06,52.235791,21.045476,34.310274824562235,,401.5124393291204,1.0,3.0,52.239705,21.041498,5.0
146,1845,4,"52,235791","21,045476",2026-05-11 16:46:05,11.05.2026 16:46:16,52.235791,21.045476,0.0,,401.5124393291204,1.0,3.0,52.239705,21.041498,5.0
146,1845,4,"52,235438","21,046496",2026-05-11 16:46:25,11.05.2026 16:46:36,52.235438,21.046496,14.360936157599374,,369.8236767098186,1.0,3.0,52.239705,21.041498,5.0
146,1845,4,"52,235438","21,046496",2026-05-11 16:46:25,11.05.2026 16:46:27,52.235438,21.046496,0.0,,369.8236767098186,1.0,3.0,52.237693,21.050488,6.0
146,1845,4,"52,236668","21,046051",2026-05-11 16:46:45,11.05.2026 16:46:46,52.236668,21.046051,25.2155813146544,,322.92053080452905,1.0,3.0,52.237693,21.050488,6.0
146,1845,4,"52,236668","21,046051",2026-05-11 16:46:45,11.05.2026 16:46:57,52.236668,21.046051,0.0,,322.92053080452905,1.0,3.0,52.237693,21.050488,6.0
146,1845,4,"52,237253","21,047868",2026-05-11 16:47:05,11.05.2026 16:47:06,52.237253,21.047868,25.16162750971444,,184.99503795238672,1.0,3.0,52.237693,21.050488,6.0
146,1845,4,"52,237253","21,047868",2026-05-11 16:47:05,11.05.2026 16:47:16,52.237253,21.047868,0.0,,184.99503795238672,1.0,3.0,52.237693,21.050488,6.0
146,1845,4,"52,237684","21,050215",2026-05-11 16:47:25,11.05.2026 16:47:26,52.237684,21.050215,30.032864389673925,6.0,18.61667410544016,1.0,3.0,52.237693,21.050488,6.0
146,1845,4,"52,237684","21,050215",2026-05-11 16:47:25,11.05.2026 16:47:36,52.237684,21.050215,0.0,6.0,18.61667410544016,1.0,3.0,52.237693,21.050488,6.0
146,1845,4,"52,237749","21,050525",2026-05-11 16:47:45,11.05.2026 16:47:46,52.237749,21.050525,4.016214983207745,6.0,6.717313907751618,1.0,3.0,52.237693,21.050488,6.0
146,1845,4,"52,237749","21,050525",2026-05-11 16:47:45,11.05.2026 16:47:57,52.237749,21.050525,0.0,6.0,6.717313907751618,1.0,3.0,52.237693,21.050488,6.0
146,1845,4,"52,237749","21,050525",2026-05-11 16:47:45,11.05.2026 16:48:06,52.237749,21.050525,0.0,6.0,6.717313907751618,1.0,3.0,52.237693,21.050488,6.0
146,1845,4,"52,237749","21,050525",2026-05-11 16:48:05,11.05.2026 16:48:27,52.237749,21.050525,0.0,6.0,6.717313907751618,1.0,3.0,52.237693,21.050488,6.0
146,1845,4,"52,237749","21,050525",2026-05-11 16:48:05,11.05.2026 16:48:17,52.237749,21.050525,0.0,6.0,6.717313907751618,1.0,3.0,52.237693,21.050488,6.0
146,1845,4,"52,237858","21,051561",2026-05-11 16:48:25,11.05.2026 16:48:36,52.237858,21.051561,12.884249094594724,6.0,75.33343064668463,1.0,3.0,52.237693,21.050488,6.0
146,1845,4,"52,237858","21,051561",2026-05-11 16:48:25,11.05.2026 16:48:47,52.237858,21.051561,0.0,6.0,75.33343064668463,1.0,3.0,52.237693,21.050488,6.0
146,1845,4,"52,237118","21,052473",2026-05-11 16:48:45,11.05.2026 16:48:58,52.237118,21.052473,18.556066998688188,,149.52717575509843,1.0,3.0,52.237693,21.050488,6.0
146,1845,4,"52,237118","21,052473",2026-05-11 16:48:45,11.05.2026 16:49:07,52.237118,21.052473,0.0,,149.52717575509843,1.0,3.0,52.237693,21.050488,6.0
146,1845,4,"52,236281","21,052951",2026-05-11 16:49:05,11.05.2026 16:49:17,52.236281,21.052951,17.74762069017702,,205.78312106124525,1.0,3.0,52.234531,21.053934,7.0
146,1845,4,"52,236281","21,052951",2026-05-11 16:49:05,11.05.2026 16:49:27,52.236281,21.052951,0.0,,205.78312106124525,1.0,3.0,52.234531,21.053934,7.0
146,1845,4,"52,236281","21,052951",2026-05-11 16:49:05,11.05.2026 16:49:37,52.236281,21.052951,0.0,,205.78312106124525,1.0,3.0,52.234531,21.053934,7.0
146,1845,4,"52,235066","21,053744",2026-05-11 16:49:25,11.05.2026 16:49:47,52.235066,21.053744,26.189005957199274,7.0,60.88010218326733,1.0,3.0,52.234531,21.053934,7.0
146,1845,4,"52,234628","21,053993",2026-05-11 16:49:45,11.05.2026 16:49:57,52.234628,21.053993,9.28273899095212,7.0,11.509948312315869,1.0,3.0,52.234531,21.053934,7.0
146,1845,4,"52,234628","21,053993",2026-05-11 16:49:45,11.05.2026 16:50:07,52.234628,21.053993,0.0,7.0,11.509948312315869,1.0,3.0,52.234531,21.053934,7.0
146,1845,4,"52,234251","21,05429",2026-05-11 16:50:05,11.05.2026 16:50:17,52.234251,21.05429,8.378024847347378,7.0,39.460155986065466,1.0,3.0,52.234531,21.053934,7.0
146,1845,4,"52,233159","21,055011",2026-05-11 16:50:25,11.05.2026 16:50:47,52.233159,21.055011,23.57577361714874,,169.27409494038702,1.0,3.0,52.234531,21.053934,7.0
146,1845,4,"52,233159","21,055011",2026-05-11 16:50:25,11.05.2026 16:50:27,52.233159,21.055011,0.0,,169.27409494038702,1.0,3.0,52.234531,21.053934,7.0
146,1845,4,"52,233159","21,055011",2026-05-11 16:50:25,11.05.2026 16:50:37,52.233159,21.055011,0.0,,169.27409494038702,1.0,3.0,52.234531,21.053934,7.0
146,1845,4,"52,232224","21,055604",2026-05-11 16:50:45,11.05.2026 16:50:57,52.232224,21.055604,20.07633347509743,8.0,119.87562703869892,1.0,3.0,52.23118,21.056043,8.0
146,1845,4,"52,23207","21,055675",2026-05-11 16:51:05,11.05.2026 16:51:07,52.23207,21.055675,3.2028478122731623,8.0,102.08762070872486,1.0,3.0,52.23118,21.056043,8.0
146,1845,4,"52,23207","21,055675",2026-05-11 16:51:05,11.05.2026 16:51:17,52.23207,21.055675,0.0,8.0,102.08762070872486,1.0,3.0,52.23118,21.056043,8.0
146,1845,4,"52,231841","21,055846",2026-05-11 16:51:25,11.05.2026 16:51:27,52.231841,21.055846,5.0400570093103845,8.0,74.71431361123568,1.0,3.0,52.23118,21.056043,8.0
146,1845,4,"52,231841","21,055846",2026-05-11 16:51:25,11.05.2026 16:51:37,52.231841,21.055846,0.0,8.0,74.71431361123568,1.0,3.0,52.23118,21.056043,8.0
146,1845,4,"52,231253","21,056123",2026-05-11 16:51:45,11.05.2026 16:52:07,52.231253,21.056123,12.248950598567792,8.0,9.776187799061166,1.0,3.0,52.23118,21.056043,8.0
146,1845,4,"52,231253","21,056123",2026-05-11 16:51:45,11.05.2026 16:51:47,52.231253,21.056123,0.0,8.0,9.776187799061166,1.0,3.0,52.23118,21.056043,8.0
146,1845,4,"52,231253","21,056123",2026-05-11 16:51:45,11.05.2026 16:51:57,52.231253,21.056123,0.0,8.0,9.776187799061166,1.0,3.0,52.23118,21.056043,8.0
146,1845,4,"52,230833","21,05664",2026-05-11 16:52:05,11.05.2026 16:52:37,52.230833,21.05664,10.527787552836925,8.0,56.05250691414667,1.0,3.0,52.23118,21.056043,8.0
146,1845,4,"52,230833","21,05664",2026-05-11 16:52:05,11.05.2026 16:52:17,52.230833,21.05664,0.0,8.0,56.05250691414667,1.0,3.0,52.23118,21.056043,8.0
146,1845,4,"52,230833","21,05664",2026-05-11 16:52:05,11.05.2026 16:52:27,52.230833,21.05664,0.0,8.0,56.05250691414667,1.0,3.0,52.23118,21.056043,8.0
146,1845,4,"52,229154","21,057761",2026-05-11 16:52:25,11.05.2026 16:52:47,52.229154,21.057761,36.30665833541347,9.0,53.716865288980166,1.0,3.0,52.228671,21.057776,9.0
146,1845,4,"52,228509","21,058233",2026-05-11 16:52:45,11.05.2026 16:52:58,52.228509,21.058233,14.147231480892197,9.0,35.96227810615257,1.0,3.0,52.228671,21.057776,9.0
146,1845,4,"52,228509","21,058233",2026-05-11 16:52:45,11.05.2026 16:53:07,52.228509,21.058233,0.0,9.0,35.96227810615257,1.0,3.0,52.228671,21.057776,9.0
146,1845,4,"52,227241","21,059163",2026-05-11 16:53:05,11.05.2026 16:53:17,52.227241,21.059163,27.82255845921739,10.0,78.11212939808347,1.0,3.0,52.226542,21.059277,10.0
146,1845,4,"52,227241","21,059163",2026-05-11 16:53:05,11.05.2026 16:53:27,52.227241,21.059163,0.0,10.0,78.11212939808347,1.0,3.0,52.226542,21.059277,10.0
146,1845,4,"52,226689","21,059446",2026-05-11 16:53:25,11.05.2026 16:53:47,52.226689,21.059446,11.580303282383156,10.0,19.99198044418064,1.0,3.0,52.226542,21.059277,10.0
146,1845,4,"52,226689","21,059446",2026-05-11 16:53:25,11.05.2026 16:53:37,52.226689,21.059446,0.0,10.0,19.99198044418064,1.0,3.0,52.226542,21.059277,10.0
146,1845,4,"52,225326","21,059806",2026-05-11 16:53:45,11.05.2026 16:53:57,52.225326,21.059806,27.635297353021688,,139.93151530573869,1.0,3.0,52.226542,21.059277,10.0
146,1845,4,"52,223345","21,059999",2026-05-11 16:54:05,11.05.2026 16:54:17,52.223345,21.059999,39.720434966866144,,305.775625577122,1.0,3.0,52.226542,21.059277,10.0
146,1845,4,"52,223345","21,059999",2026-05-11 16:54:05,11.05.2026 16:54:07,52.223345,21.059999,0.0,,305.775625577122,1.0,3.0,52.226542,21.059277,10.0
146,1845,4,"52,223345","21,059999",2026-05-11 16:54:05,11.05.2026 16:54:27,52.223345,21.059999,0.0,,305.775625577122,1.0,3.0,52.222015,21.063928,11.0
146,1845,4,"52,222445","21,062568",2026-05-11 16:54:25,11.05.2026 16:54:47,52.222445,21.062568,36.28575424603431,11.0,104.25178693299522,1.0,3.0,52.222015,21.063928,11.0
146,1845,4,"52,222445","21,062568",2026-05-11 16:54:25,11.05.2026 16:54:37,52.222445,21.062568,0.0,11.0,104.25178693299522,1.0,3.0,52.222015,21.063928,11.0
146,1845,4,"52,222096","21,063943",2026-05-11 16:54:45,11.05.2026 16:54:57,52.222096,21.063943,18.24901950753636,11.0,9.064561387266997,1.0,3.0,52.222015,21.063928,11.0
146,1845,4,"52,221764","21,066211",2026-05-11 16:55:05,11.05.2026 16:55:07,52.221764,21.066211,28.591610921033,,157.9993472398368,1.0,3.0,52.222015,21.063928,11.0
146,1845,4,"52,221764","21,066211",2026-05-11 16:55:05,11.05.2026 16:55:17,52.221764,21.066211,0.0,,157.9993472398368,1.0,3.0,52.222015,21.063928,11.0
146,1845,4,"52,221556","21,070293",2026-05-11 16:55:25,11.05.2026 16:55:27,52.221556,21.070293,50.2239106455072,,133.74564389162538,1.0,3.0,52.221421,21.072244,12.0
146,1845,4,"52,221556","21,070293",2026-05-11 16:55:25,11.05.2026 16:55:37,52.221556,21.070293,0.0,,133.74564389162538,1.0,3.0,52.221421,21.072244,12.0
146,1845,4,"52,221533","21,074124",2026-05-11 16:55:45,11.05.2026 16:55:47,52.221533,21.074124,46.97583310074632,,128.66824867167105,1.0,3.0,52.221421,21.072244,12.0
146,1845,4,"52,221533","21,074124",2026-05-11 16:55:45,11.05.2026 16:55:57,52.221533,21.074124,0.0,,128.66824867167105,1.0,3.0,52.221421,21.072244,12.0
146,1845,4,"52,221533","21,074124",2026-05-11 16:55:45,11.05.2026 16:56:07,52.221533,21.074124,0.0,,128.66824867167105,1.0,3.0,52.221421,21.072244,12.0
146,1845,4,"52,221523","21,077953",2026-05-11 16:56:05,11.05.2026 16:56:17,52.221523,21.077953,46.949498623447816,,345.89538607967785,1.0,3.0,52.221421,21.072244,12.0
146,1845,4,"52,221523","21,077953",2026-05-11 16:56:05,11.05.2026 16:56:27,52.221523,21.077953,0.0,,345.89538607967785,1.0,3.0,52.220967,21.082949,13.0
146,1845,4,"52,221306","21,08134",2026-05-11 16:56:25,11.05.2026 16:56:47,52.221306,21.08134,41.75611724427204,13.0,115.90556609014617,1.0,3.0,52.220967,21.082949,13.0
146,1845,4,"52,221306","21,08134",2026-05-11 16:56:25,11.05.2026 16:56:37,52.221306,21.08134,0.0,13.0,115.90556609014617,1.0,3.0,52.220967,21.082949,13.0
146,1845,4,"52,220999","21,083701",2026-05-11 16:56:45,11.05.2026 16:56:57,52.220999,21.083701,29.594441484856368,13.0,51.349651233061145,1.0,3.0,52.220967,21.082949,13.0
146,1845,4,"52,220999","21,083701",2026-05-11 16:56:45,11.05.2026 16:57:07,52.220999,21.083701,0.0,13.0,51.349651233061145,1.0,3.0,52.220967,21.082949,13.0
146,1845,4,"52,220683","21,085743",2026-05-11 16:57:05,11.05.2026 16:57:17,52.220683,21.085743,25.824736657976324,,186.60641524834773,1.0,3.0,52.22005,21.08828,14.0
146,1845,4,"52,220683","21,085743",2026-05-11 16:57:05,11.05.2026 16:57:27,52.220683,21.085743,0.0,,186.60641524834773,1.0,3.0,52.22005,21.08828,14.0
146,1845,4,"52,220275","21,087683",2026-05-11 16:57:25,11.05.2026 16:57:37,52.220275,21.087683,25.150424345265456,14.0,47.74788007632351,1.0,3.0,52.22005,21.08828,14.0
146,1845,4,"52,220275","21,087683",2026-05-11 16:57:25,11.05.2026 16:57:47,52.220275,21.087683,0.0,14.0,47.74788007632351,1.0,3.0,52.22005,21.08828,14.0
146,1845,4,"52,220091","21,088303",2026-05-11 16:57:45,11.05.2026 16:57:57,52.220091,21.088303,8.44737825416145,14.0,4.820709890850102,1.0,3.0,52.22005,21.08828,14.0
146,1845,4,"52,220091","21,088303",2026-05-11 16:57:45,11.05.2026 16:58:07,52.220091,21.088303,0.0,14.0,4.820709890850102,1.0,3.0,52.22005,21.08828,14.0
146,1845,4,"52,219956","21,089118",2026-05-11 16:58:05,11.05.2026 16:58:17,52.219956,21.089118,10.352263826540703,14.0,58.03481142895836,1.0,3.0,52.22005,21.08828,14.0
146,1845,4,"52,219956","21,089118",2026-05-11 16:58:05,11.05.2026 16:58:27,52.219956,21.089118,0.0,14.0,58.03481142895836,1.0,3.0,52.22005,21.08828,14.0
146,1845,4,"52,219394","21,091646",2026-05-11 16:58:25,11.05.2026 16:58:47,52.219394,21.091646,32.97602572570786,,240.62115013458552,1.0,3.0,52.22005,21.08828,14.0
146,1845,4,"52,219394","21,091646",2026-05-11 16:58:25,11.05.2026 16:58:37,52.219394,21.091646,0.0,,240.62115013458552,1.0,3.0,52.22005,21.08828,14.0
146,1845,4,"52,219188","21,092563",2026-05-11 16:58:45,11.05.2026 16:58:57,52.219188,21.092563,11.976416550608754,,307.1076320692444,1.0,3.0,52.22005,21.08828,14.0
146,1845,4,"52,219188","21,092563",2026-05-11 16:59:05,11.05.2026 16:59:07,52.219188,21.092563,0.0,,307.1076320692444,1.0,3.0,52.22005,21.08828,14.0
146,1845,4,"52,219188","21,092563",2026-05-11 16:59:05,11.05.2026 16:59:17,52.219188,21.092563,0.0,,307.1076320692444,1.0,3.0,52.217545,21.096925,15.0
146,1845,4,"52,218693","21,094464",2026-05-11 16:59:25,11.05.2026 16:59:27,52.218693,21.094464,25.328462614167435,,210.7198655470148,1.0,3.0,52.217545,21.096925,15.0
146,1845,4,"52,218693","21,094464",2026-05-11 16:59:25,11.05.2026 16:59:37,52.218693,21.094464,0.0,,210.7198655470148,1.0,3.0,52.217545,21.096925,15.0
146,1845,4,"52,218159","21,095843",2026-05-11 16:59:45,11.05.2026 16:59:47,52.218159,21.095843,20.00432341290342,15.0,100.47193000636663,1.0,3.0,52.217545,21.096925,15.0
146,1845,4,"52,218159","21,095843",2026-05-11 16:59:45,11.05.2026 16:59:57,52.218159,21.095843,0.0,15.0,100.47193000636663,1.0,3.0,52.217545,21.096925,15.0
146,1845,4,"52,218159","21,095843",2026-05-11 16:59:45,11.05.2026 17:00:07,52.218159,21.095843,0.0,15.0,100.47193000636663,1.0,3.0,52.217545,21.096925,15.0
146,1845,4,"52,218159","21,095843",2026-05-11 17:00:05,11.05.2026 17:00:17,52.218159,21.095843,0.0,15.0,100.47193000636663,1.0,3.0,52.217545,21.096925,15.0
146,1845,4,"52,218159","21,095843",2026-05-11 17:00:05,11.05.2026 17:00:27,52.218159,21.095843,0.0,15.0,100.47193000636663,1.0,3.0,52.217545,21.096925,15.0
146,1845,4,"52,217701","21,096744",2026-05-11 17:00:25,11.05.2026 17:00:47,52.217701,21.096744,14.35620533854032,15.0,21.282452187824912,1.0,3.0,52.217545,21.096925,15.0
146,1845,4,"52,217701","21,096744",2026-05-11 17:00:25,11.05.2026 17:00:37,52.217701,21.096744,0.0,15.0,21.282452187824912,1.0,3.0,52.217545,21.096925,15.0
146,1845,4,"52,217218","21,097833",2026-05-11 17:00:45,11.05.2026 17:00:57,52.217218,21.097833,16.485874550566507,15.0,71.75311637157952,1.0,3.0,52.217545,21.096925,15.0
146,1845,4,"52,217218","21,097833",2026-05-11 17:00:45,11.05.2026 17:01:07,52.217218,21.097833,0.0,15.0,71.75311637157952,1.0,3.0,52.217545,21.096925,15.0
146,1845,4,"52,215598","21,100391",2026-05-11 17:01:05,11.05.2026 17:01:17,52.215598,21.100391,45.11452478599461,,207.95102881866015,1.0,3.0,52.214046,21.102094,16.0
146,1845,4,"52,215598","21,100391",2026-05-11 17:01:05,11.05.2026 17:01:27,52.215598,21.100391,0.0,,207.95102881866015,1.0,3.0,52.214046,21.102094,16.0
146,1845,4,"52,214165","21,1021",2026-05-11 17:01:25,11.05.2026 17:01:37,52.214165,21.1021,35.52282022539232,16.0,13.238509047361324,1.0,3.0,52.214046,21.102094,16.0
146,1845,4,"52,214165","21,1021",2026-05-11 17:01:25,11.05.2026 17:01:47,52.214165,21.1021,0.0,16.0,13.238509047361324,1.0,3.0,52.214046,21.102094,16.0
146,1845,4,"52,213556","21,102875",2026-05-11 17:01:45,11.05.2026 17:01:57,52.213556,21.102875,15.456625265816648,16.0,76.15778073412928,1.0,3.0,52.214046,21.102094,16.0
146,1845,4,"52,211886","21,104896",2026-05-11 17:02:05,11.05.2026 17:02:07,52.211886,21.104896,41.61195084283997,17.0,95.07330882667706,1.0,3.0,52.211146,21.105595,17.0
146,1845,4,"52,211886","21,104896",2026-05-11 17:02:05,11.05.2026 17:02:17,52.211886,21.104896,0.0,17.0,95.07330882667706,1.0,3.0,52.211146,21.105595,17.0
146,1845,4,"52,211886","21,104896",2026-05-11 17:02:05,11.05.2026 17:02:27,52.211886,21.104896,0.0,17.0,95.07330882667706,1.0,3.0,52.211146,21.105595,17.0
146,1845,4,"52,211191","21,105695",2026-05-11 17:02:25,11.05.2026 17:02:37,52.211191,21.105695,17.015402524051648,17.0,8.453493379456976,1.0,3.0,52.211146,21.105595,17.0
146,1845,4,"52,209699","21,107569",2026-05-11 17:02:45,11.05.2026 17:03:07,52.209699,21.107569,37.68314071646079,,209.71164213155825,1.0,3.0,52.211146,21.105595,17.0
146,1845,4,"52,209699","21,107569",2026-05-11 17:02:45,11.05.2026 17:02:47,52.209699,21.107569,0.0,,209.71164213155825,1.0,3.0,52.211146,21.105595,17.0
146,1845,4,"52,209699","21,107569",2026-05-11 17:02:45,11.05.2026 17:02:57,52.209699,21.107569,0.0,,209.71164213155825,1.0,3.0,52.211146,21.105595,17.0
146,1845,4,"52,207318","21,110453",2026-05-11 17:03:25,11.05.2026 17:03:37,52.207318,21.110453,29.674448779318645,18.0,40.493230677341344,1.0,3.0,52.206974,21.110648,18.0
146,1845,4,"52,207318","21,110453",2026-05-11 17:03:25,11.05.2026 17:03:47,52.207318,21.110453,0.0,18.0,40.493230677341344,1.0,3.0,52.206974,21.110648,18.0
146,1845,4,"52,205443","21,112608",2026-05-11 17:03:45,11.05.2026 17:03:57,52.205443,21.112608,45.9025652022052,,168.17230636344317,1.0,3.0,52.204095,21.113727,19.0
146,1845,4,"52,205443","21,112608",2026-05-11 17:03:45,11.05.2026 17:04:07,52.205443,21.112608,0.0,,168.17230636344317,1.0,3.0,52.204095,21.113727,19.0
146,1845,4,"52,203449","21,114505",2026-05-11 17:04:05,11.05.2026 17:04:17,52.203449,21.114505,46.19801673960469,19.0,89.27889059902598,1.0,3.0,52.204095,21.113727,19.0
146,1845,4,"52,203449","21,114505",2026-05-11 17:04:05,11.05.2026 17:04:27,52.203449,21.114505,0.0,19.0,89.27889059902598,1.0,3.0,52.204095,21.113727,19.0
146,1845,4,"52,201418","21,116383",2026-05-11 17:04:25,11.05.2026 17:04:37,52.201418,21.116383,46.724437643778174,,348.37917557062855,1.0,3.0,52.204095,21.113727,19.0
146,1845,4,"52,201418","21,116383",2026-05-11 17:04:25,11.05.2026 17:04:47,52.201418,21.116383,0.0,,348.37917557062855,1.0,3.0,52.198556,21.118732,20.0
146,1845,4,"52,199383","21,118291",2026-05-11 17:04:45,11.05.2026 17:05:07,52.199383,21.118291,46.97690133648548,20.0,96.74534763148904,1.0,3.0,52.198556,21.118732,20.0
146,1845,4,"52,199383","21,118291",2026-05-11 17:04:45,11.05.2026 17:04:58,52.199383,21.118291,0.0,20.0,96.74534763148904,1.0,3.0,52.198556,21.118732,20.0
146,1845,4,"52,198573","21,118866",2026-05-11 17:05:05,11.05.2026 17:05:17,52.198573,21.118866,17.68032060759305,20.0,9.326263885803652,1.0,3.0,52.198556,21.118732,20.0
146,1845,4,"52,198573","21,118866",2026-05-11 17:05:05,11.05.2026 17:05:27,52.198573,21.118866,0.0,20.0,9.326263885803652,1.0,3.0,52.198556,21.118732,20.0
146,1845,4,"52,197775","21,119403",2026-05-11 17:05:25,11.05.2026 17:05:37,52.197775,21.119403,17.277323592762173,20.0,98.1486742244296,1.0,3.0,52.198556,21.118732,20.0
146,1845,4,"52,197775","21,119403",2026-05-11 17:05:25,11.05.2026 17:05:47,52.197775,21.119403,0.0,20.0,98.1486742244296,1.0,3.0,52.198556,21.118732,20.0
146,1845,4,"52,195636","21,12065",2026-05-11 17:05:45,11.05.2026 17:05:57,52.195636,21.12065,45.46357508582802,,350.0170414940636,1.0,3.0,52.198556,21.118732,20.0
146,1845,4,"52,195636","21,12065",2026-05-11 17:05:45,11.05.2026 17:06:07,52.195636,21.12065,0.0,,350.0170414940636,1.0,3.0,52.191381,21.123251,21.0
146,1845,4,"52,193351","21,121966",2026-05-11 17:06:05,11.05.2026 17:06:17,52.193351,21.121966,48.50084097453441,,235.91685761292428,1.0,3.0,52.191381,21.123251,21.0
146,1845,4,"52,191528","21,123193",2026-05-11 17:06:25,11.05.2026 17:06:47,52.191528,21.123193,39.471258401590894,21.0,16.81699277494194,1.0,3.0,52.191381,21.123251,21.0
146,1845,4,"52,191528","21,123193",2026-05-11 17:06:25,11.05.2026 17:06:27,52.191528,21.123193,0.0,21.0,16.81699277494194,1.0,3.0,52.191381,21.123251,21.0
146,1845,4,"52,191528","21,123193",2026-05-11 17:06:25,11.05.2026 17:06:37,52.191528,21.123193,0.0,21.0,16.81699277494194,1.0,3.0,52.191381,21.123251,21.0
146,1845,4,"52,191146","21,123586",2026-05-11 17:06:45,11.05.2026 17:07:07,52.191146,21.123586,9.039336326053224,21.0,34.70269920389218,1.0,3.0,52.191381,21.123251,21.0
146,1845,4,"52,191146","21,123586",2026-05-11 17:06:45,11.05.2026 17:06:58,52.191146,21.123586,0.0,21.0,34.70269920389218,1.0,3.0,52.191381,21.123251,21.0
146,1845,4,"52,189328","21,12561",2026-05-11 17:07:05,11.05.2026 17:07:17,52.189328,21.12561,44.05456382845445,,279.2341759701058,1.0,3.0,52.191381,21.123251,21.0
146,1845,4,"52,189328","21,12561",2026-05-11 17:07:05,11.05.2026 17:07:27,52.189328,21.12561,0.0,,279.2341759701058,1.0,3.0,52.18669,21.128854,22.0
146,1845,4,"52,187395","21,128121",2026-05-11 17:07:26,11.05.2026 17:07:37,52.187395,21.128121,47.10386483948589,22.0,92.96441368176146,1.0,3.0,52.18669,21.128854,22.0
146,1845,4,"52,187395","21,128121",2026-05-11 17:07:26,11.05.2026 17:07:47,52.187395,21.128121,0.0,22.0,92.96441368176146,1.0,3.0,52.18669,21.128854,22.0
146,1845,4,"52,186703","21,128936",2026-05-11 17:07:46,11.05.2026 17:07:57,52.186703,21.128936,17.083658184673087,22.0,5.774022763022525,1.0,3.0,52.18669,21.128854,22.0
146,1845,4,"52,186703","21,128936",2026-05-11 17:07:46,11.05.2026 17:08:08,52.186703,21.128936,0.0,22.0,5.774022763022525,1.0,3.0,52.18669,21.128854,22.0
146,1845,4,"52,185736","21,130289",2026-05-11 17:08:06,11.05.2026 17:08:17,52.185736,21.130289,25.500139700117227,,144.3031814183056,1.0,3.0,52.18669,21.128854,22.0
146,1845,4,"52,185736","21,130289",2026-05-11 17:08:06,11.05.2026 17:08:27,52.185736,21.130289,0.0,,144.3031814183056,1.0,3.0,52.18669,21.128854,22.0
146,1845,4,"52,184375","21,131943",2026-05-11 17:08:26,11.05.2026 17:08:47,52.184375,21.131943,33.97084293564341,23.0,8.091904284010766,1.0,3.0,52.184309,21.131893,23.0
146,1845,4,"52,184375","21,131943",2026-05-11 17:08:26,11.05.2026 17:08:38,52.184375,21.131943,0.0,23.0,8.091904284010766,1.0,3.0,52.184309,21.131893,23.0
146,1845,4,"52,184181","21,132178",2026-05-11 17:08:46,11.05.2026 17:08:57,52.184181,21.132178,4.83670812205561,23.0,24.08550304689689,1.0,3.0,52.184309,21.131893,23.0
146,1845,4,"52,184181","21,132178",2026-05-11 17:08:46,11.05.2026 17:09:07,52.184181,21.132178,0.0,23.0,24.08550304689689,1.0,3.0,52.184309,21.131893,23.0
146,1845,4,"52,182999","21,133755",2026-05-11 17:09:06,11.05.2026 17:09:17,52.182999,21.133755,30.565084882712892,,193.21924649341392,1.0,3.0,52.184309,21.131893,23.0
146,1845,4,"52,182999","21,133755",2026-05-11 17:09:06,11.05.2026 17:09:27,52.182999,21.133755,0.0,,193.21924649341392,1.0,3.0,52.184309,21.131893,23.0
146,1845,4,"52,181428","21,135774",2026-05-11 17:09:26,11.05.2026 17:09:38,52.181428,21.135774,40.03303764502824,,397.1828903044323,1.0,3.0,52.184309,21.131893,23.0
146,1845,4,"52,181428","21,135774",2026-05-11 17:09:26,11.05.2026 17:09:47,52.181428,21.135774,0.0,,397.1828903044323,1.0,3.0,52.178691,21.139517,24.0
146,1845,4,"52,179788","21,138126",2026-05-11 17:09:46,11.05.2026 17:09:57,52.179788,21.138126,43.71132440804479,,154.5143811998948,1.0,3.0,52.178691,21.139517,24.0
146,1845,4,"52,179788","21,138126",2026-05-11 17:09:46,11.05.2026 17:10:07,52.179788,21.138126,0.0,,154.5143811998948,1.0,3.0,52.178691,21.139517,24.0
146,1845,4,"52,178153","21,140528",2026-05-11 17:10:06,11.05.2026 17:10:18,52.178153,21.140528,44.04527667416121,24.0,91.27348043637268,1.0,3.0,52.178691,21.139517,24.0
146,1845,4,"52,178153","21,140528",2026-05-11 17:10:06,11.05.2026 17:10:28,52.178153,21.140528,0.0,24.0,91.27348043637268,1.0,3.0,52.178691,21.139517,24.0
146,1845,4,"52,176945","21,14301",2026-05-11 17:10:26,11.05.2026 17:10:38,52.176945,21.14301,38.89194107726176,,307.27802922247315,1.0,3.0,52.178691,21.139517,24.0
146,1845,4,"52,176945","21,14301",2026-05-11 17:10:26,11.05.2026 17:10:48,52.176945,21.14301,0.0,,307.27802922247315,1.0,3.0,52.175335,21.147227,25.0
146,1845,4,"52,176385","21,144646",2026-05-11 17:10:46,11.05.2026 17:10:58,52.176385,21.144646,22.996413068256903,,211.20210679218945,1.0,3.0,52.175335,21.147227,25.0
146,1845,4,"52,176385","21,144646",2026-05-11 17:10:46,11.05.2026 17:11:08,52.176385,21.144646,0.0,,211.20210679218945,1.0,3.0,52.175335,21.147227,25.0
146,1845,4,"52,176161","21,145286",2026-05-11 17:11:06,11.05.2026 17:11:28,52.176161,21.145286,9.044707234206705,,161.10199586407623,1.0,3.0,52.175335,21.147227,25.0
146,1845,4,"52,176161","21,145286",2026-05-11 17:11:06,11.05.2026 17:11:18,52.176161,21.145286,0.0,,161.10199586407623,1.0,3.0,52.175335,21.147227,25.0
146,1845,4,"52,175731","21,146446",2026-05-11 17:11:26,11.05.2026 17:11:48,52.175731,21.146446,16.636964266559843,25.0,69.10236873026466,1.0,3.0,52.175335,21.147227,25.0
146,1845,4,"52,175731","21,146446",2026-05-11 17:11:26,11.05.2026 17:11:38,52.175731,21.146446,0.0,25.0,69.10236873026466,1.0,3.0,52.175335,21.147227,25.0
146,1845,4,"52,175156","21,148029",2026-05-11 17:11:46,11.05.2026 17:11:58,52.175156,21.148029,22.582617616918725,25.0,58.19788103380863,1.0,3.0,52.175335,21.147227,25.0
146,1845,4,"52,175156","21,148029",2026-05-11 17:11:46,11.05.2026 17:12:08,52.175156,21.148029,0.0,25.0,58.19788103380863,1.0,3.0,52.175335,21.147227,25.0
146,1845,4,"52,174576","21,14966",2026-05-11 17:12:06,11.05.2026 17:12:18,52.174576,21.14966,23.141745359279856,,186.1402217396661,1.0,3.0,52.175335,21.147227,25.0
146,1845,4,"52,174576","21,14966",2026-05-11 17:12:06,11.05.2026 17:12:28,52.174576,21.14966,0.0,,186.1402217396661,1.0,3.0,52.175335,21.147227,25.0
146,1845,4,"52,174405","21,150159",2026-05-11 17:12:26,11.05.2026 17:12:38,52.174405,21.150159,7.016333581238691,,225.095384265808,1.0,3.0,52.175335,21.147227,25.0
146,1845,4,"52,174405","21,150159",2026-05-11 17:12:26,11.05.2026 17:12:48,52.174405,21.150159,0.0,,225.095384265808,1.0,3.0,52.175335,21.147227,25.0
146,1845,4,"52,173974","21,151395",2026-05-11 17:12:46,11.05.2026 17:12:58,52.173974,21.151395,17.452356635846126,,153.47898476225214,1.0,3.0,52.173205,21.153264,26.0
146,1845,4,"52,173974","21,151395",2026-05-11 17:12:46,11.05.2026 17:13:08,52.173974,21.151395,0.0,,153.47898476225214,1.0,3.0,52.173205,21.153264,26.0
146,1845,4,"52,173538","21,152619",2026-05-11 17:13:06,11.05.2026 17:13:18,52.173538,21.152619,17.37464182164544,26.0,57.495217450766624,1.0,3.0,52.173205,21.153264,26.0
146,1845,4,"52,173538","21,152619",2026-05-11 17:13:06,11.05.2026 17:13:28,52.173538,21.152619,0.0,26.0,57.495217450766624,1.0,3.0,52.173205,21.153264,26.0
146,1845,4,"52,173303","21,153236",2026-05-11 17:13:26,11.05.2026 17:13:48,52.173303,21.153236,8.915228815914329,26.0,11.063123002652372,1.0,3.0,52.173205,21.153264,26.0
146,1845,4,"52,173303","21,153236",2026-05-11 17:13:26,11.05.2026 17:13:38,52.173303,21.153236,0.0,26.0,11.063123002652372,1.0,3.0,52.173205,21.153264,26.0
146,1845,4,"52,173095","21,153851",2026-05-11 17:13:46,11.05.2026 17:13:58,52.173095,21.153851,8.620847028310378,26.0,41.85650958496825,1.0,3.0,52.173205,21.153264,26.0
146,1845,4,"52,173095","21,153851",2026-05-11 17:13:46,11.05.2026 17:14:08,52.173095,21.153851,0.0,26.0,41.85650958496825,1.0,3.0,52.173205,21.153264,26.0
146,1845,4,"52,172661","21,154353",2026-05-11 17:14:06,11.05.2026 17:14:18,52.172661,21.154353,10.650172949751193,27.0,73.49579273833838,1.0,3.0,52.172031,21.154679,27.0
146,1845,4,"52,172661","21,154353",2026-05-11 17:14:06,11.05.2026 17:14:28,52.172661,21.154353,0.0,27.0,73.49579273833838,1.0,3.0,52.172031,21.154679,27.0
146,1845,4,"52,172021","21,154798",2026-05-11 17:14:26,11.05.2026 17:14:38,52.172021,21.154798,13.92569273057723,27.0,8.191035849681523,1.0,3.0,52.172031,21.154679,27.0
146,1845,4,"52,172021","21,154798",2026-05-11 17:14:26,11.05.2026 17:14:48,52.172021,21.154798,0.0,27.0,8.191035849681523,1.0,3.0,52.172031,21.154679,27.0
146,1845,4,"52,171363","21,155308",2026-05-11 17:14:46,11.05.2026 17:14:58,52.171363,21.155308,14.582146198361986,27.0,85.77431808652076,1.0,3.0,52.172031,21.154679,27.0
146,1845,4,"52,171363","21,155308",2026-05-11 17:14:46,11.05.2026 17:15:08,52.171363,21.155308,0.0,27.0,85.77431808652076,1.0,3.0,52.172031,21.154679,27.0
146,1845,4,"52,169631","21,156283",2026-05-11 17:15:06,11.05.2026 17:15:18,52.169631,21.156283,36.67409129772015,28.0,41.70536045088979,1.0,3.0,52.169269,21.156443,28.0
146,1845,4,"52,169631","21,156283",2026-05-11 17:15:06,11.05.2026 17:15:28,52.169631,21.156283,0.0,28.0,41.70536045088979,1.0,3.0,52.169269,21.156443,28.0
146,1845,4,"52,169195","21,156538",2026-05-11 17:15:26,11.05.2026 17:15:48,52.169195,21.156538,9.271039133005123,28.0,10.472993038866074,1.0,3.0,52.169269,21.156443,28.0
146,1845,4,"52,169195","21,156538",2026-05-11 17:15:26,11.05.2026 17:15:38,52.169195,21.156538,0.0,28.0,10.472993038866074,1.0,3.0,52.169269,21.156443,28.0
146,1845,4,"52,168725","21,156918",2026-05-11 17:15:46,11.05.2026 17:15:58,52.168725,21.156918,10.50020471551575,28.0,68.61830180583303,1.0,3.0,52.169269,21.156443,28.0
146,1845,4,"52,168725","21,156918",2026-05-11 17:15:46,11.05.2026 17:16:08,52.168725,21.156918,0.0,28.0,68.61830180583303,1.0,3.0,52.169269,21.156443,28.0
146,1845,4,"52,168056","21,157319",2026-05-11 17:16:06,11.05.2026 17:16:18,52.168056,21.157319,14.266315906433016,,147.51859478965915,1.0,3.0,52.169269,21.156443,28.0
146,1845,4,"52,168056","21,157319",2026-05-11 17:16:06,11.05.2026 17:16:28,52.168056,21.157319,0.0,,147.51859478965915,1.0,3.0,52.169269,21.156443,28.0
146,1845,4,"52,167025","21,157456",2026-05-11 17:16:26,11.05.2026 17:16:38,52.167025,21.157456,20.70397932274932,29.0,83.34140104454616,1.0,3.0,52.166466,21.15827,29.0
146,1845,4,"52,167025","21,157456",2026-05-11 17:16:26,11.05.2026 17:16:48,52.167025,21.157456,0.0,29.0,83.34140104454616,1.0,3.0,52.166466,21.15827,29.0
146,1845,4,"52,166411","21,158431",2026-05-11 17:16:46,11.05.2026 17:16:58,52.166411,21.158431,17.155136492667612,29.0,12.56899336258526,1.0,3.0,52.166466,21.15827,29.0
146,1845,4,"52,166411","21,158431",2026-05-11 17:16:46,11.05.2026 17:17:08,52.166411,21.158431,0.0,29.0,12.56899336258526,1.0,3.0,52.166466,21.15827,29.0
146,1845,4,"52,166411","21,158431",2026-05-11 17:17:06,11.05.2026 17:17:18,52.166411,21.158431,0.0,29.0,12.56899336258526,1.0,3.0,52.166466,21.15827,29.0
146,1845,4,"52,166411","21,158431",2026-05-11 17:17:06,11.05.2026 17:17:28,52.166411,21.158431,0.0,29.0,12.56899336258526,1.0,3.0,52.166466,21.15827,29.0
146,1845,4,"52,166411","21,158431",2026-05-11 17:17:26,11.05.2026 17:17:48,52.166411,21.158431,0.0,29.0,12.56899336258526,1.0,3.0,52.166466,21.15827,29.0
146,1845,4,"52,166411","21,158431",2026-05-11 17:17:26,11.05.2026 17:17:38,52.166411,21.158431,0.0,29.0,12.56899336258526,1.0,3.0,52.166466,21.15827,29.0
146,1845,4,"52,165991","21,159555",2026-05-11 17:17:46,11.05.2026 17:17:58,52.165991,21.159555,16.157959633629314,29.0,102.32705842922462,1.0,3.0,52.166466,21.15827,29.0
146,1845,4,"52,165991","21,159555",2026-05-11 17:17:46,11.05.2026 17:18:08,52.165991,21.159555,0.0,29.0,102.32705842922462,1.0,3.0,52.166466,21.15827,29.0
146,1845,4,"52,164476","21,160285",2026-05-11 17:18:06,11.05.2026 17:18:18,52.164476,21.160285,31.61956038228356,30.0,3.855392290978356,1.0,3.0,52.164468,21.16023,30.0
146,1845,4,"52,164476","21,160285",2026-05-11 17:18:06,11.05.2026 17:18:28,52.164476,21.160285,0.0,30.0,3.855392290978356,1.0,3.0,52.164468,21.16023,30.0
146,1845,4,"52,163771","21,160618",2026-05-11 17:18:26,11.05.2026 17:18:38,52.163771,21.160618,14.690968417685951,30.0,81.89662556468261,1.0,3.0,52.164468,21.16023,30.0
146,1845,4,"52,163771","21,160618",2026-05-11 17:18:26,11.05.2026 17:18:48,52.163771,21.160618,0.0,30.0,81.89662556468261,1.0,3.0,52.164468,21.16023,30.0
146,1845,4,"52,16311","21,163208",2026-05-11 17:18:46,11.05.2026 17:18:58,52.16311,21.163208,34.44106908991085,,242.13210755646463,1.0,3.0,52.162,21.166262,31.0
146,1845,4,"52,16311","21,163208",2026-05-11 17:18:46,11.05.2026 17:19:08,52.16311,21.163208,0.0,,242.13210755646463,1.0,3.0,52.162,21.166262,31.0
146,1845,4,"52,161996","21,166551",2026-05-11 17:19:06,11.05.2026 17:19:18,52.161996,21.166551,46.70965911437364,31.0,19.71782699193829,1.0,3.0,52.162,21.166262,31.0
146,1845,4,"52,161996","21,166551",2026-05-11 17:19:06,11.05.2026 17:19:28,52.161996,21.166551,0.0,31.0,19.71782699193829,1.0,3.0,52.162,21.166262,31.0
146,1845,4,"52,16053","21,169338",2026-05-11 17:19:26,11.05.2026 17:19:38,52.16053,21.169338,45.07660064972632,32.0,104.74684830943622,1.0,3.0,52.159833,21.170371,32.0
146,1845,4,"52,16053","21,169338",2026-05-11 17:19:26,11.05.2026 17:19:48,52.16053,21.169338,0.0,32.0,104.74684830943622,1.0,3.0,52.159833,21.170371,32.0
146,1845,4,"52,159861","21,170418",2026-05-11 17:19:46,11.05.2026 17:20:08,52.159861,21.170418,18.8451375671996,32.0,4.4690425509422,1.0,3.0,52.159833,21.170371,32.0
146,1845,4,"52,159861","21,170418",2026-05-11 17:19:46,11.05.2026 17:19:58,52.159861,21.170418,0.0,32.0,4.4690425509422,1.0,3.0,52.159833,21.170371,32.0
146,1845,4,"52,158721","21,172521",2026-05-11 17:20:06,11.05.2026 17:20:18,52.158721,21.172521,34.458630265210594,,163.2841601544616,1.0,3.0,52.157967,21.174575,33.0
146,1845,4,"52,158721","21,172521",2026-05-11 17:20:06,11.05.2026 17:20:28,52.158721,21.172521,0.0,,163.2841601544616,1.0,3.0,52.157967,21.174575,33.0
146,1845,4,"52,158301","21,173788",2026-05-11 17:20:26,11.05.2026 17:20:38,52.158301,21.173788,17.683202211720456,33.0,65.28037497728192,1.0,3.0,52.157967,21.174575,33.0
146,1845,4,"52,158301","21,173788",2026-05-11 17:20:26,11.05.2026 17:20:48,52.158301,21.173788,0.0,33.0,65.28037497728192,1.0,3.0,52.157967,21.174575,33.0
146,1845,4,"52,158039","21,174588",2026-05-11 17:20:46,11.05.2026 17:20:58,52.158039,21.174588,11.135223812984448,33.0,8.055000480052174,1.0,3.0,52.157967,21.174575,33.0
146,1845,4,"52,158039","21,174588",2026-05-11 17:20:46,11.05.2026 17:21:08,52.158039,21.174588,0.0,33.0,8.055000480052174,1.0,3.0,52.157967,21.174575,33.0
146,1845,4,"52,15773","21,175796",2026-05-11 17:21:06,11.05.2026 17:21:18,52.15773,21.175796,16.070756643372423,33.0,87.36224482080043,1.0,3.0,52.157967,21.174575,33.0
146,1845,4,"52,15773","21,175796",2026-05-11 17:21:06,11.05.2026 17:21:28,52.15773,21.175796,0.0,33.0,87.36224482080043,1.0,3.0,52.157967,21.174575,33.0
146,1845,4,"52,157375","21,176736",2026-05-11 17:21:26,11.05.2026 17:21:38,52.157375,21.176736,13.554041455517789,,161.44667549459865,1.0,3.0,52.157967,21.174575,33.0
146,1845,4,"52,157375","21,176736",2026-05-11 17:21:26,11.05.2026 17:21:48,52.157375,21.176736,0.0,,161.44667549459865,1.0,3.0,52.157967,21.174575,33.0
146,1845,4,"52,15699","21,177806",2026-05-11 17:21:46,11.05.2026 17:22:08,52.15699,21.177806,15.231748581631676,,245.72904520778292,1.0,3.0,52.157967,21.174575,33.0
146,1845,4,"52,15699","21,177806",2026-05-11 17:21:46,11.05.2026 17:21:58,52.15699,21.177806,0.0,,245.72904520778292,1.0,3.0,52.157967,21.174575,33.0
146,1845,4,"52,156901","21,17811",2026-05-11 17:22:06,11.05.2026 17:22:18,52.156901,21.17811,4.136146342291871,,268.70593520414207,1.0,3.0,52.157967,21.174575,33.0
146,1845,4,"52,156901","21,17811",2026-05-11 17:22:06,11.05.2026 17:22:28,52.156901,21.17811,0.0,,268.70593520414207,1.0,3.0,52.157967,21.174575,33.0
146,1845,4,"52,156759","21,178476",2026-05-11 17:22:26,11.05.2026 17:22:38,52.156759,21.178476,5.31750145621018,,298.0952994101604,1.0,3.0,52.157967,21.174575,33.0
146,1845,4,"52,156759","21,178476",2026-05-11 17:22:26,11.05.2026 17:22:48,52.156759,21.178476,0.0,,298.0952994101604,1.0,3.0,52.155727,21.183555,34.0
146,1845,4,"52,156591","21,17903",2026-05-11 17:22:46,11.05.2026 17:22:58,52.156591,21.17903,7.588420730744807,,323.2971438407814,1.0,3.0,52.155727,21.183555,34.0
146,1845,4,"52,156591","21,17903",2026-05-11 17:22:46,11.05.2026 17:23:08,52.156591,21.17903,0.0,,323.2971438407814,1.0,3.0,52.155727,21.183555,34.0
146,1845,4,"52,156093","21,180586",2026-05-11 17:23:06,11.05.2026 17:23:18,52.156093,21.180586,21.55043288823583,,206.59263616387736,1.0,3.0,52.155727,21.183555,34.0
146,1845,4,"52,156093","21,180586",2026-05-11 17:23:06,11.05.2026 17:23:28,52.156093,21.180586,0.0,,206.59263616387736,1.0,3.0,52.155727,21.183555,34.0
146,1845,4,"52,15576","21,181531",2026-05-11 17:23:26,11.05.2026 17:23:38,52.15576,21.181531,13.382055389347167,,138.1260302639891,1.0,3.0,52.155727,21.183555,34.0
146,1845,4,"52,15576","21,181531",2026-05-11 17:23:26,11.05.2026 17:23:48,52.15576,21.181531,0.0,,138.1260302639891,1.0,3.0,52.155727,21.183555,34.0
146,1845,4,"52,155501","21,182481",2026-05-11 17:23:46,11.05.2026 17:24:08,52.155501,21.182481,12.76558966314825,34.0,77.45832262497103,1.0,3.0,52.155727,21.183555,34.0
146,1845,4,"52,155501","21,182481",2026-05-11 17:23:46,11.05.2026 17:23:59,52.155501,21.182481,0.0,34.0,77.45832262497103,1.0,3.0,52.155727,21.183555,34.0
146,1845,4,"52,155745","21,183485",2026-05-11 17:24:06,11.05.2026 17:24:18,52.155745,21.183485,13.260786709114322,34.0,5.177884716705624,1.0,3.0,52.155727,21.183555,34.0
146,1845,4,"52,155745","21,183485",2026-05-11 17:24:06,11.05.2026 17:24:28,52.155745,21.183485,0.0,34.0,5.177884716705624,1.0,3.0,52.155727,21.183555,34.0
146,1845,4,"52,156183","21,185676",2026-05-11 17:24:26,11.05.2026 17:24:40,52.156183,21.185676,28.296712692034205,,153.320970183716,1.0,3.0,52.155727,21.183555,34.0
146,1845,4,"52,156183","21,185676",2026-05-11 17:24:26,11.05.2026 17:24:48,52.156183,21.185676,0.0,,153.320970183716,1.0,3.0,52.155727,21.183555,34.0
146,1845,4,"52,156674","21,188496",2026-05-11 17:24:46,11.05.2026 17:24:59,52.156674,21.188496,35.995445875653246,35.0,28.752639965168708,1.0,3.0,52.156702,21.188915,35.0
146,1845,4,"52,156674","21,188496",2026-05-11 17:24:46,11.05.2026 17:25:08,52.156674,21.188496,0.0,35.0,28.752639965168708,1.0,3.0,52.156702,21.188915,35.0
146,1845,4,"52,157298","21,191645",2026-05-11 17:25:06,11.05.2026 17:25:18,52.157298,21.191645,40.634367759119215,36.0,12.92136146429032,1.0,3.0,52.15726,21.191824,36.0
146,1845,4,"52,157298","21,191645",2026-05-11 17:25:06,11.05.2026 17:25:29,52.157298,21.191645,0.0,36.0,12.92136146429032,1.0,3.0,52.15726,21.191824,36.0
146,1845,4,"52,158166","21,195651",2026-05-11 17:25:26,11.05.2026 17:25:38,52.158166,21.195651,52.16769859449403,,149.2309985528356,1.0,3.0,52.158472,21.197781,37.0
146,1845,4,"52,158166","21,195651",2026-05-11 17:25:26,11.05.2026 17:25:48,52.158166,21.195651,0.0,,149.2309985528356,1.0,3.0,52.158472,21.197781,37.0
146,1845,4,"52,158581","21,197711",2026-05-11 17:25:46,11.05.2026 17:26:08,52.158581,21.197711,26.62338767098558,37.0,13.026971309016496,1.0,3.0,52.158472,21.197781,37.0
146,1845,4,"52,158581","21,197711",2026-05-11 17:25:46,11.05.2026 17:25:58,52.158581,21.197711,0.0,37.0,13.026971309016496,1.0,3.0,52.158472,21.197781,37.0
146,1845,4,"52,158814","21,19885",2026-05-11 17:26:06,11.05.2026 17:26:18,52.158814,21.19885,14.742577804206372,37.0,82.24269070181053,1.0,3.0,52.158472,21.197781,37.0
146,1845,4,"52,158814","21,19885",2026-05-11 17:26:06,11.05.2026 17:26:28,52.158814,21.19885,0.0,37.0,82.24269070181053,1.0,3.0,52.158472,21.197781,37.0
146,1845,4,"52,159408","21,202619",2026-05-11 17:26:26,11.05.2026 17:26:38,52.159408,21.202619,47.78105808662893,38.0,59.99132227072716,1.0,3.0,52.159439,21.203497,38.0
146,1845,4,"52,159408","21,202619",2026-05-11 17:26:26,11.05.2026 17:26:48,52.159408,21.202619,0.0,38.0,59.99132227072716,1.0,3.0,52.159439,21.203497,38.0
146,1845,4,"52,159565","21,203888",2026-05-11 17:26:46,11.05.2026 17:26:59,52.159565,21.203888,15.895209676640356,38.0,30.127711777981855,1.0,3.0,52.159439,21.203497,38.0
146,1845,4,"52,159565","21,203888",2026-05-11 17:26:46,11.05.2026 17:27:08,52.159565,21.203888,0.0,38.0,30.127711777981855,1.0,3.0,52.159439,21.203497,38.0
146,1845,4,"52,159503","21,204381",2026-05-11 17:27:06,11.05.2026 17:27:18,52.159503,21.204381,6.179214539176056,39.0,14.429420094057198,1.0,3.0,52.159459,21.20458,39.0
146,1845,4,"52,159503","21,204381",2026-05-11 17:27:06,11.05.2026 17:27:28,52.159503,21.204381,0.0,39.0,14.429420094057198,1.0,3.0,52.159459,21.20458,39.0
146,1845,4,"52,159503","21,204381",2026-05-11 17:27:26,11.05.2026 17:27:38,52.159503,21.204381,0.0,39.0,14.429420094057198,1.0,3.0,52.159459,21.20458,39.0
146,1845,4,"52,159503","21,204381",2026-05-11 17:27:26,11.05.2026 17:27:48,52.159503,21.204381,0.0,39.0,14.429420094057198,1.0,3.0,52.159459,21.20458,39.0
146,1845,4,"52,159493","21,204579",2026-05-11 17:27:46,11.05.2026 17:28:08,52.159493,21.204579,2.4393807823124463,39.0,3.781242854830953,1.0,3.0,52.159459,21.20458,39.0
146,1845,4,"52,159493","21,204579",2026-05-11 17:27:46,11.05.2026 17:27:58,52.159493,21.204579,0.0,39.0,3.781242854830953,1.0,3.0,52.159459,21.20458,39.0
146,1845,4,"52,159493","21,204579",2026-05-11 17:28:06,11.05.2026 17:28:29,52.159493,21.204579,0.0,39.0,3.781242854830953,1.0,3.0,52.159459,21.20458,39.0
